nama_provinsi,nama_kabupaten,nama_kecamatan,nama_kelurahan,jumlah_penduduk,satuan,latitude,longitude,Timbunan_Sampah,tahun
JAWA BARAT,KABUPATEN BOGOR,GUNUNG PUTRI,WANAHERANG,3204,JIWA,-641.534.741.831.552,106.944.725.652.308,1158,2025
JAWA BARAT,KABUPATEN BOGOR,GUNUNG PUTRI,BOJONG KULUR,9757,JIWA,-63.199.296.884.839,106.968.693.891.321,3882,2025
JAWA BARAT,KABUPATEN BOGOR,GUNUNG PUTRI,CIANGSANA,5886,JIWA,-63.586.371.963.985,106.956.520.603.805,2180,2025
JAWA BARAT,KABUPATEN BOGOR,GUNUNG PUTRI,GUNUNG PUTRI,8508,JIWA,-642.877.421.459.399,106.922.346.875.011,3260,2025
JAWA BARAT,KABUPATEN BOGOR,GUNUNG PUTRI,BOJONG NANGKA,7420,JIWA,-642.886.459.449.679,106.924.055.401.173,3182,2025
JAWA BARAT,KABUPATEN BOGOR,GUNUNG PUTRI,TLAJUNG UDIK,6090,JIWA,-644.595.459.199.253,10.691.244.110.589,3020,2025
JAWA BARAT,KABUPATEN BOGOR,GUNUNG PUTRI,CICADAS,3654,JIWA,-643.202.740.723.859,106.928.332.782.209,1944,2025
JAWA BARAT,KABUPATEN BOGOR,GUNUNG PUTRI,CIKEAS UDIK,5240,JIWA,-640.543.171.832.865,106.935.465.798.453,2076,2025
JAWA BARAT,KABUPATEN BOGOR,GUNUNG PUTRI,NAGRAK,6774,JIWA,-661.854.995.105.859,106.856.188.360.571,4691,2025
JAWA BARAT,KABUPATEN BOGOR,GUNUNG PUTRI,KARANGGAN,6054,JIWA,-645.838.186.462.006,106.885.688.889.531,2538,2025
JAWA BARAT,KABUPATEN BOGOR,CITEUREUP,PUSPASARI,5968,JIWA,-64.753.764.986.759,106.875.366.189.273,1638,2025
JAWA BARAT,KABUPATEN BOGOR,CITEUREUP,CITEUREUP,14123,JIWA,-648.822.068.611.909,106.881.613.833.779,5741,2025
JAWA BARAT,KABUPATEN BOGOR,CITEUREUP,LEUWINUTUG,8420,JIWA,-651.410.566.102.532,106.863.292.730.976,4598,2025
JAWA BARAT,KABUPATEN BOGOR,CITEUREUP,TAJUR,26750,JIWA,-648.936.695.047.871,106.879.769.135.837,13732,2025
JAWA BARAT,KABUPATEN BOGOR,CITEUREUP,SANJA,6726,JIWA,-650.512.960.274.467,106.867.989.901.754,4418,2025
JAWA BARAT,KABUPATEN BOGOR,CITEUREUP,KARANG ASEM TIMUR,10105,JIWA,-649.836.260.101.087,106.878.316.699.309,6706,2025
JAWA BARAT,KABUPATEN BOGOR,CITEUREUP,TARIKOLOT,9246,JIWA,-649.919.209.922.278,106.891.594.804.465,5818,2025
JAWA BARAT,KABUPATEN BOGOR,CITEUREUP,GUNUNGSARI,4622,JIWA,-649.878.890.339.671,106.903.398.099.623,2823,2025
JAWA BARAT,KABUPATEN BOGOR,CITEUREUP,TANGKIL,5816,JIWA,-653.839.620.480.928,106.870.940.397.964,3624,2025
JAWA BARAT,KABUPATEN BOGOR,CITEUREUP,SUKAHATI,6262,JIWA,-651.482.250.255.087,106.885.486.240.243,3379,2025
JAWA BARAT,KABUPATEN BOGOR,CITEUREUP,HAMBALANG,5533,JIWA,-655.268.125.547.241,106.900.284.039.461,2967,2025
JAWA BARAT,KABUPATEN BOGOR,CITEUREUP,PASIRMUKTI,5721,JIWA,-650.925.320.481.565,106.897.496.408.182,2648,2025
JAWA BARAT,KABUPATEN BOGOR,SUKARAJA,GUNUNGGEULIS,3538,JIWA,-663.081.619.558.469,106.884.818.699.492,1976,2025
JAWA BARAT,KABUPATEN BOGOR,SUKARAJA,CILEBUT TIMUR,8875,JIWA,-652.669.560.141.663,106.801.654.253.786,5300,2025
JAWA BARAT,KABUPATEN BOGOR,SUKARAJA,CILEBUT BARAT,6769,JIWA,-653.018.383.363.828,10.679.746.821.972,1515,2025
JAWA BARAT,KABUPATEN BOGOR,SUKARAJA,CIBANON,10052,JIWA,-66.339.304.976.846,106.850.156.786.903,3291,2025
JAWA BARAT,KABUPATEN BOGOR,SUKARAJA,NAGRAK,11020,JIWA,-661.854.995.105.859,106.856.188.360.571,4424,2025
JAWA BARAT,KABUPATEN BOGOR,SUKARAJA,SUKATANI,9875,JIWA,-661.011.409.568.753,106.839.962.297.329,4854,2025
JAWA BARAT,KABUPATEN BOGOR,SUKARAJA,SUKARAJA,10652,JIWA,-652.616.907.598.492,106.800.288.920.431,4922,2025
JAWA BARAT,KABUPATEN BOGOR,SUKARAJA,CIKEAS,9531,JIWA,-659.325.340.345.282,106.844.387.503.639,5545,2025
JAWA BARAT,KABUPATEN BOGOR,SUKARAJA,PASIR JAMBU,8526,JIWA,-653.281.357.684.749,10.680.898.847.377,4320,2025
JAWA BARAT,KABUPATEN BOGOR,SUKARAJA,CIMANDALA,5480,JIWA,-653.508.639.202.604,106.821.234.005.781,3260,2025
JAWA BARAT,KABUPATEN BOGOR,SUKARAJA,CIJUJUNG,5842,JIWA,-653.675.020.317.731,106.833.357.200.353,2881,2025
JAWA BARAT,KABUPATEN BOGOR,SUKARAJA,CADASNGAMPAR,7673,JIWA,-657.403.200.168.424,106.842.912.400.088,6738,2025
JAWA BARAT,KABUPATEN BOGOR,SUKARAJA,PASIRLAJA,4387,JIWA,-654.721.260.055.963,106.838.487.299.082,4027,2025
JAWA BARAT,KABUPATEN BOGOR,BABAKAN MADANG,CIJAYANTI,9658,JIWA,-659.011.029.986.018,106.865.755.700.061,4026,2025
JAWA BARAT,KABUPATEN BOGOR,BABAKAN MADANG,SUMURBATU,7452,JIWA,-658.335.941.075.985,106.884.438.598.278,10872,2025
JAWA BARAT,KABUPATEN BOGOR,BABAKAN MADANG,SENTUL,4802,JIWA,-651.818.790.035.445,106.849.630.399.081,3910,2025
JAWA BARAT,KABUPATEN BOGOR,BABAKAN MADANG,KARANGTENGAH,8500,JIWA,-657.580.991.602.948,106.893.568.321.192,5455,2025
JAWA BARAT,KABUPATEN BOGOR,BABAKAN MADANG,CIPAMBUAN,3807,JIWA,-656.242.080.103.822,106.844.387.501.684,1544,2025
JAWA BARAT,KABUPATEN BOGOR,BABAKAN MADANG,KADUMANGGU,7620,JIWA,-654.064.550.659.096,106.853.412.696.649,9815,2025
JAWA BARAT,KABUPATEN BOGOR,BABAKAN MADANG,CITARINGGUL,6582,JIWA,-656.795.480.198.468,106.859.214.199.126,8482,2025
JAWA BARAT,KABUPATEN BOGOR,BABAKAN MADANG,KARANGTENGAH,3758,JIWA,-657.580.991.602.948,106.893.568.321.192,1854,2025
JAWA BARAT,KABUPATEN BOGOR,BABAKAN MADANG,BOJONG KONENG,5153,JIWA,-660.032.419.652.566,106.891.928.195.133,7253,2025
JAWA BARAT,KABUPATEN BOGOR,JONGGOL,SUKAMAJU,6784,JIWA,-645.817.622.191.731,107.059.503.182.159,9486,2025
JAWA BARAT,KABUPATEN BOGOR,JONGGOL,SUKAGALIH,3634,JIWA,-64.765.147.872.983,107.104.146.509.966,2953,2025
JAWA BARAT,KABUPATEN BOGOR,JONGGOL,SINGAJAYA,7384,JIWA,-645.974.690.929.585,107.042.296.100.936,8341,2025
JAWA BARAT,KABUPATEN BOGOR,JONGGOL,SUKASIRNA,3682,JIWA,-649.085.510.177.013,107.059.849.101.377,3786,2025
JAWA BARAT,KABUPATEN BOGOR,JONGGOL,SUKANEGARA,5708,JIWA,-65.228.467.072.433,10.702.441.709.828,6540,2025
JAWA BARAT,KABUPATEN BOGOR,JONGGOL,SUKAMANAH,7825,JIWA,-644.207.365.297.893,107.062.801.833.508,10400,2025
JAWA BARAT,KABUPATEN BOGOR,JONGGOL,WENINGGALIH,4686,JIWA,-646.134.769.974.781,107.098.239.698.417,5492,2025
JAWA BARAT,KABUPATEN BOGOR,JONGGOL,CIBODAS,5163,JIWA,-651.340.217.355.284,10.700.079.870.407,5848,2025
JAWA BARAT,KABUPATEN BOGOR,JONGGOL,JONGGOL,7638,JIWA,-645.974.688.924.721,107.042.296.076.835,5262,2025
JAWA BARAT,KABUPATEN BOGOR,JONGGOL,BENDUNGAN,7512,JIWA,-649.004.030.057.598,107.083.473.401.608,4248,2025
JAWA BARAT,KABUPATEN BOGOR,JONGGOL,SINGASARI,7933,JIWA,-646.664.638.740.472,107.018.512.298.352,6870,2025
JAWA BARAT,KABUPATEN BOGOR,JONGGOL,BALEKAMBANG,5777,JIWA,-651.321.261.218.105,107.080.520.206.489,5403,2025
JAWA BARAT,KABUPATEN BOGOR,JONGGOL,SUKAJAYA,4218,JIWA,-654.378.781.808.548,107.012.507.018.467,8038,2025
JAWA BARAT,KABUPATEN BOGOR,JONGGOL,SUKAGALIH,6414,JIWA,-64.765.147.872.983,107.104.146.509.966,4036,2025
JAWA BARAT,KABUPATEN BOGOR,CILEUNGSI,PASIRANGIN,6937,JIWA,-636.817.813.140.729,106.986.173.574.693,5569,2025
JAWA BARAT,KABUPATEN BOGOR,CILEUNGSI,MEKARSARI,2910,JIWA,-640.227.180.491.886,106.970.494.097.809,6739,2025
JAWA BARAT,KABUPATEN BOGOR,CILEUNGSI,MAMPIR,3286,JIWA,-64.289.221.997.618,106.997.846.600.503,4217,2025
JAWA BARAT,KABUPATEN BOGOR,CILEUNGSI,DAYEUH,3016,JIWA,-643.258.745.247.741,106.965.375.607.749,5363,2025
JAWA BARAT,KABUPATEN BOGOR,CILEUNGSI,GANDOANG,7445,JIWA,-641.053.566.765.825,107.012.520.458.836,6869,2025
JAWA BARAT,KABUPATEN BOGOR,CILEUNGSI,JATISARI,12359,JIWA,-641.175.029.558.774,107.050.990.593.148,9775,2025
JAWA BARAT,KABUPATEN BOGOR,CILEUNGSI,CILEUNGSI KIDUL,2986,JIWA,-640.718.980.177.841,106.973.329.002.713,5175,2025
JAWA BARAT,KABUPATEN BOGOR,CILEUNGSI,CIPEUCANG,8651,JIWA,-642.239.339.596.265,107.039.179.805.274,5261,2025
JAWA BARAT,KABUPATEN BOGOR,CILEUNGSI,SITUSARI,9173,JIWA,-642.811.839.917.976,107.021.464.702.386,4049,2025
JAWA BARAT,KABUPATEN BOGOR,CILEUNGSI,CIPENJO,13349,JIWA,-639.169.489.751.029,106.991.140.203.182,8120,2025
JAWA BARAT,KABUPATEN BOGOR,CILEUNGSI,LIMUSNUNGGAL,16566,JIWA,-636.168.675.628.814,106.976.239.234.289,6628,2025
JAWA BARAT,KABUPATEN BOGOR,CILEUNGSI,CILEUNGSI,20897,JIWA,-640.227.180.243.611,10.697.049.410.922,11371,2025
JAWA BARAT,KABUPATEN BOGOR,CARIU,KARYAMEKAR,27557,JIWA,-655.075.640.579.234,107.107.099.998.804,5413,2025
JAWA BARAT,KABUPATEN BOGOR,CARIU,CARIU,5361,JIWA,-650.274.799.931.979,10.713.289.159.899,2696,2025
JAWA BARAT,KABUPATEN BOGOR,CARIU,CIKUTAMAHI,3502,JIWA,-654.869.212.669.023,107.166.176.680.018,6756,2025
JAWA BARAT,KABUPATEN BOGOR,CARIU,KUTAMEKAR,6633,JIWA,-651.833.940.594.286,107.154.360.071.414,1638,2025
JAWA BARAT,KABUPATEN BOGOR,CARIU,CARIU,5079,JIWA,-650.274.799.931.979,10.713.289.159.899,10669,2025
JAWA BARAT,KABUPATEN BOGOR,CARIU,MEKARWANGI,9299,JIWA,-652.244.380.003.215,107.110.053.399.749,9476,2025
JAWA BARAT,KABUPATEN BOGOR,CARIU,BANTARKUNING,3401,JIWA,-655.977.820.253.845,107.142.544.199.235,1516,2025
JAWA BARAT,KABUPATEN BOGOR,CARIU,SUKAJADI,6161,JIWA,-648.984.340.007.222,107.163.222.397.705,5624,2025
JAWA BARAT,KABUPATEN BOGOR,CARIU,TEGALPANJANG,4345,JIWA,-649.148.039.818.619,107.115.960.499.911,3999,2025
JAWA BARAT,KABUPATEN BOGOR,CARIU,CIBATUTIGA,3227,JIWA,-653.967.321.085,107.130.728.895.898,5363,2025
JAWA BARAT,KABUPATEN BOGOR,SUKAMAKMUR,WARGAJAYA,3504,JIWA,-661.525.460.649.167,107.024.417.112.426,5468,2025
JAWA BARAT,KABUPATEN BOGOR,SUKAMAKMUR,PABUARAN,6903,JIWA,-654.541.301.332.081,106.965.375.586.742,4079,2025
JAWA BARAT,KABUPATEN BOGOR,SUKAMAKMUR,SUKADAMAI,6956,JIWA,-655.486.549.468.384,107.062.802.003.698,6681,2025
JAWA BARAT,KABUPATEN BOGOR,SUKAMAKMUR,SUKAWANGI,7901,JIWA,-665.135.805.983.812,107.033.289.016.271,1519,2025
JAWA BARAT,KABUPATEN BOGOR,SUKAMAKMUR,CIBADAK,4499,JIWA,-656.984.119.145.902,106.955.230.497.442,5310,2025
JAWA BARAT,KABUPATEN BOGOR,SUKAMAKMUR,SUKARESMI,4973,JIWA,-653.228.920.228.975,107.048.037.796.504,3908,2025
JAWA BARAT,KABUPATEN BOGOR,SUKAMAKMUR,SUKAMULYA,2314,JIWA,-658.525.972.829.081,107.000.798.663.496,4412,2025
JAWA BARAT,KABUPATEN BOGOR,SUKAMAKMUR,SUKAHARJA,4226,JIWA,-660.415.322.638.763,107.048.037.749.575,5415,2025
JAWA BARAT,KABUPATEN BOGOR,SUKAMAKMUR,SIRNAJAYA,4881,JIWA,-661.602.138.427.555,107.001.037.197.226,9404,2025
JAWA BARAT,KABUPATEN BOGOR,SUKAMAKMUR,SUKAMAKMUR,10181,JIWA,-658.525.969.829.935,107.000.798.693.507,6868,2025
JAWA BARAT,KABUPATEN BOGOR,PARUNG,PARUNG,9134,JIWA,-642.227.377.726.805,106.732.649.605.443,3884,2025
JAWA BARAT,KABUPATEN BOGOR,PARUNG,IWUL,5615,JIWA,-645.900.129.725.278,106.714.618.398.375,5392,2025
JAWA BARAT,KABUPATEN BOGOR,PARUNG,BOJONGSEMPU,4087,JIWA,-644.780.150.268.288,106.704.299.096.486,4061,2025
JAWA BARAT,KABUPATEN BOGOR,PARUNG,WARU,5830,JIWA,-641.776.399.840.146,106.720.515.401.531,6611,2025
JAWA BARAT,KABUPATEN BOGOR,PARUNG,JAMPANG,7101,JIWA,-64.740.017.027.506,106.726.412.499.787,5250,2025
JAWA BARAT,KABUPATEN BOGOR,PARUNG,PONDOK UDIK,5471,JIWA,-649.174.740.204.773,10.674.229.429.984,8614,2025
JAWA BARAT,KABUPATEN BOGOR,PARUNG,TEGAL,7159,JIWA,-648.808.310.702.394,10.671.688.890.278,12008,2025
JAWA BARAT,KABUPATEN BOGOR,PARUNG,BOJONGBARU,9751,JIWA,-64.763.456.784.789,106.808.988.508.515,5406,2025
JAWA BARAT,KABUPATEN BOGOR,PARUNG,CIMANGGIS,5228,JIWA,-647.921.091.518.763,106.800.139.589.387,4164,2025
JAWA BARAT,KABUPATEN BOGOR,GUNUNG SINDUR,SUSUKAN,5469,JIWA,-647.201.519.640.033,106.792.169.591.542,5464,2025
JAWA BARAT,KABUPATEN BOGOR,GUNUNG SINDUR,RAGAJAYA,6832,JIWA,-644.827.845.669.581,106.786.353.502.179,5387,2025
JAWA BARAT,KABUPATEN BOGOR,GUNUNG SINDUR,KEDUNGWARINGIN,9384,JIWA,-649.747.420.003.879,106.791.290.997.566,1505,2025
JAWA BARAT,KABUPATEN BOGOR,GUNUNG SINDUR,WARINGINJAYA,8507,JIWA,-650.907.520.091.327,106.789.816.304.786,7059,2025
JAWA BARAT,KABUPATEN BOGOR,GUNUNG SINDUR,RAWAPANJANG,8447,JIWA,-646.069.309.623.878,10.681.045.159.419,9512,2025
JAWA BARAT,KABUPATEN BOGOR,GUNUNG SINDUR,BOJONGGEDE,3902,JIWA,-647.921.091.518.763,106.800.139.589.387,5302,2025
JAWA BARAT,KABUPATEN BOGOR,GUNUNG SINDUR,LEUWILIANG,7841,JIWA,-65.741.479.322.487,10.663.200.664.214,5249,2025
JAWA BARAT,KABUPATEN BOGOR,GUNUNG SINDUR,PURASARI,6607,JIWA,-670.208.349.892.598,10.659.965.948.981,9297,2025
JAWA BARAT,KABUPATEN BOGOR,GUNUNG SINDUR,KARYASARI,4605,JIWA,-663.952.973.940.505,106.623.205.138.119,6743,2025
JAWA BARAT,KABUPATEN BOGOR,GUNUNG SINDUR,PABANGBON,6284,JIWA,-662.006.344.521.199,106.587.874.023.791,5392,2025
JAWA BARAT,KABUPATEN BOGOR,KEMANG,KARACAK,26727,JIWA,-661.845.179.644.856,10.663.502.500.369,10488,2025
JAWA BARAT,KABUPATEN BOGOR,KEMANG,BARENGKOK,14927,JIWA,-659.786.689.902.527,106.635.025.001.017,7249,2025
JAWA BARAT,KABUPATEN BOGOR,KEMANG,LEUWIMEKAR,10292,JIWA,-658.510.520.087.431,106.632.077.701.804,6831,2025
JAWA BARAT,KABUPATEN BOGOR,KEMANG,PURASEDA,11984,JIWA,-666.085.809.463.764,106.599.659.491.526,8599,2025
JAWA BARAT,KABUPATEN BOGOR,KEMANG,CIBEBER I,5611,JIWA,-657.007.420.844.703,106.620.288.672.018,5291,2025
JAWA BARAT,KABUPATEN BOGOR,KEMANG,CIBEBER II,3962,JIWA,-660.114.308.865.622,106.614.394.407.048,6756,2025
JAWA BARAT,KABUPATEN BOGOR,KEMANG,KAREHKEL,4409,JIWA,-654.920.252.830.308,10.663.783.843.083,1574,2025
JAWA BARAT,KABUPATEN BOGOR,KEMANG,CIAMPEA,4516,JIWA,-655.491.545.300.343,106.695.905.759.329,1993,2025
JAWA BARAT,KABUPATEN BOGOR,BOJONG GEDE,CINANGKA,4762,JIWA,-659.311.488.535.965,106.696.927.192.263,1860,2025
JAWA BARAT,KABUPATEN BOGOR,BOJONG GEDE,CIHIDEUNGUDIK,4782,JIWA,-658.354.216.838.462,106.718.772.602.252,2321,2025
JAWA BARAT,KABUPATEN BOGOR,BOJONG GEDE,BOJONGJENGKOL,4014,JIWA,-657.688.281.242.856,106.711.233.879.413,2099,2025
JAWA BARAT,KABUPATEN BOGOR,BOJONG GEDE,TEGALWARU,5496,JIWA,-657.260.960.423.258,106.696.928.503.181,2975,2025
JAWA BARAT,KABUPATEN BOGOR,BOJONG GEDE,TEGALLEGA,4208,JIWA,-646.580.760.188.542,106.587.872.303.034,3036,2025
JAWA BARAT,KABUPATEN BOGOR,BOJONG GEDE,CIBUNTU,5815,JIWA,-659.358.359.897.279,10.668.513.599.925,3283,2025
JAWA BARAT,KABUPATEN BOGOR,BOJONG GEDE,CICADAS,6132,JIWA,-657.815.399.875.334,106.685.136.001.664,3522,2025
JAWA BARAT,KABUPATEN BOGOR,BOJONG GEDE,CIBADAK,4002,JIWA,-65.612.925.746.784,106.689.558.116.881,1998,2025
JAWA BARAT,KABUPATEN BOGOR,LEUWILIANG,BOJONGRANGKAS,1947,JIWA,-655.852.150.135.239,106.695.454.400.659,1035,2025
JAWA BARAT,KABUPATEN BOGOR,LEUWILIANG,CIHIDEUNGHILIR,4875,JIWA,-657.046.889.710.848,106.721.989.599.775,2758,2025
JAWA BARAT,KABUPATEN BOGOR,LEUWILIANG,CIBANTENG,15673,JIWA,-655.547.041.478.689,106.710.212.214.806,9360,2025
JAWA BARAT,KABUPATEN BOGOR,LEUWILIANG,BENTENG,8635,JIWA,-655.494.210.113.729,106.696.162.611.214,4340,2025
JAWA BARAT,KABUPATEN BOGOR,LEUWILIANG,CIAMPEA UDIK,7384,JIWA,-66.129.264.960.753,10.668.366.199.827,4167,2025
JAWA BARAT,KABUPATEN BOGOR,LEUWILIANG,SITU UDIK,8308,JIWA,-662.052.091.146.592,106.649.762.294.141,5309,2025
JAWA BARAT,KABUPATEN BOGOR,LEUWILIANG,SITU ILIR,21310,JIWA,-660.488.060.321.669,10.665.565.750.518,13743,2025
JAWA BARAT,KABUPATEN BOGOR,LEUWILIANG,CEMPLANG,5462,JIWA,-657.496.618.966.556,106.660.664.111.814,4070,2025
JAWA BARAT,KABUPATEN BOGOR,LEUWILIANG,CIBATOK I,10202,JIWA,-658.009.259.521.444,106.665.974.180.624,5261,2025
JAWA BARAT,KABUPATEN BOGOR,LEUWILIANG,CIARUTEUN UDIK,3829,JIWA,-660.427.569.965.002,106.673.344.098.909,2122,2025
JAWA BARAT,KABUPATEN BOGOR,LEUWILIANG,LEUWEUNGKOLOT,4034,JIWA,-655.798.819.940.089,10.667.334.409.744,2266,2025
JAWA BARAT,KABUPATEN BOGOR,CIAMPEA,CIMANGGU I,2748,JIWA,-656.209.469.804.978,106.665.974.601.826,1343,2025
JAWA BARAT,KABUPATEN BOGOR,CIAMPEA,CIMANGGU II,3442,JIWA,-657.000.819.534.763,106.660.079.099.553,1987,2025
JAWA BARAT,KABUPATEN BOGOR,CIAMPEA,DUKUH,2716,JIWA,-656.506.633.834.248,106.654.183.751.371,1532,2025
JAWA BARAT,KABUPATEN BOGOR,CIAMPEA,CIJUJUNG,5191,JIWA,-654.830.659.534.549,106.655.657.499.383,2881,2025
JAWA BARAT,KABUPATEN BOGOR,CIAMPEA,CIARUTEUN ILIR,8757,JIWA,-65.425.667.975.831,106.673.344.107.575,5417,2025
JAWA BARAT,KABUPATEN BOGOR,CIAMPEA,CIBATOK II,4191,JIWA,-657.988.230.027.117,106.665.406.099.748,2160,2025
JAWA BARAT,KABUPATEN BOGOR,CIAMPEA,SUKAMAJU,5160,JIWA,-658.941.817.906.062,106.655.686.070.222,2881,2025
JAWA BARAT,KABUPATEN BOGOR,CIAMPEA,GALUGA,3923,JIWA,-656.413.108.092.476,106.643.867.301.629,1810,2025
JAWA BARAT,KABUPATEN BOGOR,CIAMPEA,GIRIMULYA,6351,JIWA,-656.940.620.083.647,106.677.765.997.266,2697,2025
JAWA BARAT,KABUPATEN BOGOR,CIAMPEA,PURWABAKTI,6190,JIWA,-673.179.168.694.191,106.635.025.017.386,4063,2025
JAWA BARAT,KABUPATEN BOGOR,CIAMPEA,CIBUNIAN,12149,JIWA,-67.115.775.373.222,106.623.235.926.192,7949,2025
JAWA BARAT,KABUPATEN BOGOR,CIAMPEA,CIBITUNGWETAN,4599,JIWA,-664.672.370.496.991,106.637.959.315.963,2868,2025
JAWA BARAT,KABUPATEN BOGOR,CIAMPEA,GUNUNGMENYAN,4575,JIWA,-66.250.615.034.029,106.667.448.403.797,2852,2025
JAWA BARAT,KABUPATEN BOGOR,CIBUNGBULANG,GUNUNGBUNDER II,5533,JIWA,-667.058.551.383.355,106.691.032.195.693,3131,2025
JAWA BARAT,KABUPATEN BOGOR,CIBUNGBULANG,PASAREAN,4761,JIWA,-664.070.680.321.748,10.666.155.289.973,4123,2025
JAWA BARAT,KABUPATEN BOGOR,CIBUNGBULANG,CIMAYANG,5324,JIWA,-661.095.971.457.622,106.665.974.615.051,2988,2025
JAWA BARAT,KABUPATEN BOGOR,CIBUNGBULANG,PAMIJAHAN,10106,JIWA,-663.475.940.681.185,106.679.677.276.569,5659,2025
JAWA BARAT,KABUPATEN BOGOR,CIBUNGBULANG,CIBENING,10217,JIWA,-66.298.035.963.999,106.679.240.001.127,5885,2025
JAWA BARAT,KABUPATEN BOGOR,CIBUNGBULANG,GUNUNGBUNDER I,6545,JIWA,-665.019.675.896.206,106.679.239.998.112,2933,2025
JAWA BARAT,KABUPATEN BOGOR,CIBUNGBULANG,CIBITUNG KULON,8083,JIWA,-66.621.159.334.084,106.637.972.997.755,5253,2025
JAWA BARAT,KABUPATEN BOGOR,CIBUNGBULANG,GUNUNG PICUNG,7099,JIWA,-665.782.979.595.156,106.667.777.491.649,5455,2025
JAWA BARAT,KABUPATEN BOGOR,CIBUNGBULANG,CIASIHAN,6319,JIWA,-67.274.685.989.138,10.668.513.600.558,2594,2025
JAWA BARAT,KABUPATEN BOGOR,CIBUNGBULANG,GUNUNGSARI,8683,JIWA,-670.912.099.358.658,106.693.980.307.834,5163,2025
JAWA BARAT,KABUPATEN BOGOR,CIBUNGBULANG,CIASMARA,10912,JIWA,-6.720.249.812.856,106.670.396.234.771,6540,2025
JAWA BARAT,KABUPATEN BOGOR,CIBUNGBULANG,RUMPIN,15256,JIWA,-647.631.069.392.377,106.643.459.514.939,7693,2025
JAWA BARAT,KABUPATEN BOGOR,CIBUNGBULANG,LEUWIBATU,7155,JIWA,-652.132.343.085.267,106.617.345.892.559,4023,2025
JAWA BARAT,KABUPATEN BOGOR,CIBUNGBULANG,CIDOKOM,8403,JIWA,-652.467.970.230.335,10.667.039.629.523,2699,2025
JAWA BARAT,KABUPATEN BOGOR,CIBUNGBULANG,GOBANG,7353,JIWA,-651.768.090.682.416,106.649.797.335.293,3984,2025
JAWA BARAT,KABUPATEN BOGOR,PAMIJAHAN,CIBODAS,13262,JIWA,-649.425.380.431.474,106.658.605.208.571,7607,2025
JAWA BARAT,KABUPATEN BOGOR,PAMIJAHAN,RABAK,12856,JIWA,-645.763.057.947.164,106.646.497.342.409,6602,2025
JAWA BARAT,KABUPATEN BOGOR,PAMIJAHAN,KAMPUNGSAWAH,16520,JIWA,-645.663.151.200.203,10.663.207.770.325,9032,2025
JAWA BARAT,KABUPATEN BOGOR,PAMIJAHAN,CIPINANG,9006,JIWA,-643.382.899.754.733,106.623.235.902.087,5402,2025
JAWA BARAT,KABUPATEN BOGOR,PAMIJAHAN,SUKASARI,19950,JIWA,-641.646.459.530.181,106.620.370.641.297,11713,2025
JAWA BARAT,KABUPATEN BOGOR,PAMIJAHAN,TAMANSARI,22078,JIWA,-637.770.089.958.994,106.633.735.500.062,12614,2025
JAWA BARAT,KABUPATEN BOGOR,PAMIJAHAN,KERTAJAYA,9965,JIWA,-639.603.400.207.066,106.602.606.401.563,5361,2025
JAWA BARAT,KABUPATEN BOGOR,PAMIJAHAN,SUKAMULYA,22593,JIWA,-637.473.494.093.933,106.628.005.931.322,13330,2025
JAWA BARAT,KABUPATEN BOGOR,PAMIJAHAN,MEKARSARI,13702,JIWA,-637.551.886.886.317,106.602.681.440.728,6725,2025
JAWA BARAT,KABUPATEN BOGOR,PAMIJAHAN,MEKARJAYA,3696,JIWA,-653.548.739.581.809,106.656.720.999.687,1976,2025
JAWA BARAT,KABUPATEN BOGOR,PAMIJAHAN,CURUG,5080,JIWA,-649.145.074.273.743,106.434.698.409.786,2895,2025
JAWA BARAT,KABUPATEN BOGOR,PAMIJAHAN,PANGRADIN,4397,JIWA,-653.101.986.150.614,10.648.181.670.443,2593,2025
JAWA BARAT,KABUPATEN BOGOR,PAMIJAHAN,KALONGSAWAH,4840,JIWA,-65.022.940.690.663,10.649.651.971.938,2813,2025
JAWA BARAT,KABUPATEN BOGOR,PAMIJAHAN,SIPAK,5670,JIWA,-648.990.898.731.983,10.648.184.242.474,4061,2025
JAWA BARAT,KABUPATEN BOGOR,PAMIJAHAN,JASINGA,2857,JIWA,-648.164.908.170.069,106.467.005.024.346,1503,2025
JAWA BARAT,KABUPATEN BOGOR,RUMPIN,KOLEANG,3744,JIWA,-64.631.008.965.731,106.437.668.387.353,2699,2025
JAWA BARAT,KABUPATEN BOGOR,RUMPIN,CIKOPOMAYAK,3500,JIWA,-644.670.038.655.453,106.467.090.899.083,1562,2025
JAWA BARAT,KABUPATEN BOGOR,RUMPIN,SETU,4020,JIWA,-648.212.368.863.807,106.466.756.355.081,1520,2025
JAWA BARAT,KABUPATEN BOGOR,RUMPIN,BARENGKOK,6300,JIWA,-642.824.079.667.427,106.481.816.698.591,2673,2025
JAWA BARAT,KABUPATEN BOGOR,RUMPIN,BAGOANG,4405,JIWA,-643.034.800.259.865,106.456.783.499.952,3046,2025
JAWA BARAT,KABUPATEN BOGOR,RUMPIN,PANGAUR,3586,JIWA,-639.821.229.703.506,106.458.256.005.634,2036,2025
JAWA BARAT,KABUPATEN BOGOR,RUMPIN,PAMAGERSARI,3867,JIWA,-648.780.639.687.587,106.467.090.898.756,1683,2025
JAWA BARAT,KABUPATEN BOGOR,RUMPIN,JUGALA JAYA,7748,JIWA,-653.146.166.343.564,106.458.325.331.125,3909,2025
JAWA BARAT,KABUPATEN BOGOR,RUMPIN,TEGALWANGI,9119,JIWA,-646.366.719.818.543,106.419.975.500.912,5403,2025
JAWA BARAT,KABUPATEN BOGOR,RUMPIN,NEGLASARI,4836,JIWA,-644.861.560.229.988,106.447.949.001.211,2674,2025
JAWA BARAT,KABUPATEN BOGOR,RUMPIN,WIRAJAYA,4888,JIWA,-653.298.551.557.615,106.422.919.898.359,2576,2025
JAWA BARAT,KABUPATEN BOGOR,RUMPIN,JAGABAYA,7376,JIWA,-638.459.708.871.184,106.540.523.111.626,3836,2025
JAWA BARAT,KABUPATEN BOGOR,RUMPIN,GOROWONG,7181,JIWA,-639.758.810.325.266,106.555.460.810.098,3879,2025
JAWA BARAT,KABUPATEN BOGOR,RUMPIN,DAGO,3459,JIWA,-640.686.251.479.887,106.584.878.698.881,2345,2025
JAWA BARAT,KABUPATEN BOGOR,JASINGA,PINGKU,3522,JIWA,-637.669.077.817.291,106.567.250.436.549,1786,2025
JAWA BARAT,KABUPATEN BOGOR,JASINGA,CIKUDA,8681,JIWA,-637.610.590.825.171,10.658.482.760.312,5259,2025
JAWA BARAT,KABUPATEN BOGOR,JASINGA,PARUNGPANJANG,7568,JIWA,-634.543.620.427.728,106.562.435.351.098,3911,2025
JAWA BARAT,KABUPATEN BOGOR,JASINGA,LUMPANG,10583,JIWA,-635.689.124.600.216,106.543.763.502.999,5970,2025
JAWA BARAT,KABUPATEN BOGOR,JASINGA,CIBUNAR,9484,JIWA,-634.237.156.685.524,106.549.190.598.035,3952,2025
JAWA BARAT,KABUPATEN BOGOR,JASINGA,JAGABITA,6835,JIWA,-633.601.105.625.001,106.531.811.825.029,4701,2025
JAWA BARAT,KABUPATEN BOGOR,JASINGA,GINTUNGCILEJET,8914,JIWA,-635.670.033.114.798,106.526.479.814.139,6009,2025
JAWA BARAT,KABUPATEN BOGOR,JASINGA,KABASIRAN,3449,JIWA,-635.151.734.735.291,106.577.188.582.065,2062,2025
JAWA BARAT,KABUPATEN BOGOR,JASINGA,MALASARI,6434,JIWA,-671.003.834.442.955,106.523.163.014.186,3386,2025
JAWA BARAT,KABUPATEN BOGOR,JASINGA,CURUGBITUNG,5279,JIWA,-663.512.244.035.999,106.525.928.579.924,3551,2025
JAWA BARAT,KABUPATEN BOGOR,JASINGA,CISARUA,5061,JIWA,-665.252.937.289.337,106.540.704.698.654,3216,2025
JAWA BARAT,KABUPATEN BOGOR,JASINGA,BANTARKARET,9640,JIWA,-667.197.217.158.632,10.657.608.582.997,5852,2025
JAWA BARAT,KABUPATEN BOGOR,JASINGA,HAMBARO,10304,JIWA,-658.750.709.846.329,10.656.135.339.806,6676,2025
JAWA BARAT,KABUPATEN BOGOR,JASINGA,KALONGLIUD,12800,JIWA,-658.790.628.305.619,106.549.568.289.064,7884,2025
JAWA BARAT,KABUPATEN BOGOR,JASINGA,NANGGUNG,6517,JIWA,-657.977.679.337.351,106.547.583.063.695,2855,2025
JAWA BARAT,KABUPATEN BOGOR,JASINGA,PARAKANMUNCANG,5251,JIWA,-657.751.682.666.136,106.543.385.799.641,2717,2025
JAWA BARAT,KABUPATEN BOGOR,PARUNG PANJANG,PANGKALJAYA,11433,JIWA,-660.323.749.428.071,106.549.540.367.994,6596,2025
JAWA BARAT,KABUPATEN BOGOR,PARUNG PANJANG,SUKALUYU,3378,JIWA,-659.760.033.790.656,106.567.246.183.671,2368,2025
JAWA BARAT,KABUPATEN BOGOR,PARUNG PANJANG,BATU TULIS,2463,JIWA,-657.207.499.953.827,106.550.665.400.151,1382,2025
JAWA BARAT,KABUPATEN BOGOR,PARUNG PANJANG,SUKAMAJU,4935,JIWA,-654.793.691.560.969,106.514.217.195.305,2677,2025
JAWA BARAT,KABUPATEN BOGOR,PARUNG PANJANG,CIGUDEG,3491,JIWA,-643.051.309.821.683,106.576.459.312.383,1633,2025
JAWA BARAT,KABUPATEN BOGOR,PARUNG PANJANG,BUNAR,4336,JIWA,-652.775.869.769.174,106.502.434.400.544,1434,2025
JAWA BARAT,KABUPATEN BOGOR,PARUNG PANJANG,BANYURESMI,9849,JIWA,-652.746.279.424.028,106.587.872.324.375,5097,2025
JAWA BARAT,KABUPATEN BOGOR,PARUNG PANJANG,CINTAMANIK,6884,JIWA,-648.841.924.955.784,106.529.096.571.266,4612,2025
JAWA BARAT,KABUPATEN BOGOR,PARUNG PANJANG,ARGAPURA,6779,JIWA,-646.360.904.191.883,106.499.489.544.831,3962,2025
JAWA BARAT,KABUPATEN BOGOR,PARUNG PANJANG,BANGUNJAYA,3176,JIWA,-645.710.449.639.078,106.540.729.902.711,1544,2025
JAWA BARAT,KABUPATEN BOGOR,PARUNG PANJANG,RENGASJAJAR,6965,JIWA,-644.605.240.549.498,10.656.429.980.257,3824,2025
JAWA BARAT,KABUPATEN BOGOR,NANGGUNG,BATUJAJAR,5469,JIWA,-642.512.911.654.275,106.576.085.694.292,2896,2025
JAWA BARAT,KABUPATEN BOGOR,NANGGUNG,WARGAJAYA,8190,JIWA,-653.171.650.438.474,10.653.778.389.964,5413,2025
JAWA BARAT,KABUPATEN BOGOR,NANGGUNG,SUKARAKSA,7152,JIWA,-658.355.699.883.035,106.526.000.097.001,4129,2025
JAWA BARAT,KABUPATEN BOGOR,NANGGUNG,BANYUWANGI,9244,JIWA,-650.818.932.200.809,106.552.479.187.189,5349,2025
JAWA BARAT,KABUPATEN BOGOR,NANGGUNG,BANYUASIH,5114,JIWA,-648.643.442.620.334,10.658.773.888.862,1573,2025
JAWA BARAT,KABUPATEN BOGOR,NANGGUNG,MEKARJAYA,5050,JIWA,-651.953.953.388.651,106.517.191.072.188,1944,2025
JAWA BARAT,KABUPATEN BOGOR,NANGGUNG,TAPOS,3808,JIWA,-639.705.490.612.341,106.493.597.998.454,1972,2025
JAWA BARAT,KABUPATEN BOGOR,NANGGUNG,CIOMAS,6001,JIWA,-641.642.141.715.973,106.528.945.976.531,3281,2025
JAWA BARAT,KABUPATEN BOGOR,NANGGUNG,BATOK,4132,JIWA,-636.588.800.191.037,10.650.538.000.198,2241,2025
JAWA BARAT,KABUPATEN BOGOR,NANGGUNG,BABAKAN,4960,JIWA,-635.524.640.335.953,106.462.571.208.776,3417,2025
JAWA BARAT,KABUPATEN BOGOR,NANGGUNG,TENJO,3587,JIWA,-632.868.764.630.669,10.646.177.689.163,2102,2025
JAWA BARAT,KABUPATEN BOGOR,CIGUDEG,CILAKU,3508,JIWA,-633.629.000.148.358,106.467.743.100.357,2013,2025
JAWA BARAT,KABUPATEN BOGOR,CIGUDEG,SINGABRAJA,4365,JIWA,-634.995.020.218.032,106.443.531.906.032,1895,2025
JAWA BARAT,KABUPATEN BOGOR,CIGUDEG,SINGABANGSA,5993,JIWA,-631.582.043.109.127,106.469.993.724.058,2827,2025
JAWA BARAT,KABUPATEN BOGOR,CIGUDEG,BOJONG,7561,JIWA,-638.073.109.858.524,106.443.531.895.108,4829,2025
JAWA BARAT,KABUPATEN BOGOR,CIGUDEG,CILEUNGSI,12937,JIWA,-673.010.849.247.759,106.903.398.099.687,8578,2025
JAWA BARAT,KABUPATEN BOGOR,CIGUDEG,CITAPEN,4626,JIWA,-66.965.485.965.592,106.869.465.692.135,2405,2025
JAWA BARAT,KABUPATEN BOGOR,CIGUDEG,CIBEDUG,1976,JIWA,-670.983.359.808.532,106.891.439.331.699,941,2025
JAWA BARAT,KABUPATEN BOGOR,CIGUDEG,JAMBULUWUK,2714,JIWA,-669.117.071.803.001,106.878.374.085.604,1085,2025
JAWA BARAT,KABUPATEN BOGOR,CIGUDEG,BANJARSARI,5429,JIWA,-668.368.072.654.789,106.869.469.854.907,2072,2025
JAWA BARAT,KABUPATEN BOGOR,CIGUDEG,TELUK PINANG,11763,JIWA,-6.681.725.731.058,106.851.765.065.953,6463,2025
JAWA BARAT,KABUPATEN BOGOR,CIGUDEG,BANJAR WARU,4194,JIWA,-666.875.560.334.445,106.854.713.298.953,2230,2025
JAWA BARAT,KABUPATEN BOGOR,CIGUDEG,BENDUNGAN,7885,JIWA,-665.806.207.863.711,106.881.070.140.591,4586,2025
JAWA BARAT,KABUPATEN BOGOR,CIGUDEG,PANDAN SARI,4523,JIWA,-665.086.471.252.175,106.860.666.443.861,2594,2025
JAWA BARAT,KABUPATEN BOGOR,CIGUDEG,BOJONG MURNI,15414,JIWA,-67.068.022.317.396,106.903.799.049.607,8336,2025
JAWA BARAT,KABUPATEN BOGOR,CIGUDEG,BANJAR WANGI,5931,JIWA,-668.156.126.320.456,106.860.861.172.618,3340,2025
JAWA BARAT,KABUPATEN BOGOR,TENJO,CIAWI,6397,JIWA,-666.303.389.534.113,106.856.206.698.856,3091,2025
JAWA BARAT,KABUPATEN BOGOR,TENJO,BITUNGSARI,7975,JIWA,-668.205.380.554.264,106.840.034.314.078,4705,2025
JAWA BARAT,KABUPATEN BOGOR,TENJO,BATULAYANG,12743,JIWA,-667.573.895.684.168,106.949.072.511.851,7050,2025
JAWA BARAT,KABUPATEN BOGOR,TENJO,JOGJOGAN,4090,JIWA,-666.215.993.552.281,106.932.910.340.116,2038,2025
JAWA BARAT,KABUPATEN BOGOR,TENJO,CIBEUREUM,4566,JIWA,-672.328.746.278.607,106.950.617.499.707,3272,2025
JAWA BARAT,KABUPATEN BOGOR,TENJO,CILEMBER,4909,JIWA,-665.144.536.966.717,106.919.589.067.958,2724,2025
JAWA BARAT,KABUPATEN BOGOR,TENJO,CITEKO,2980,JIWA,-668.794.109.771.671,106.926.976.227.888,1100,2025
JAWA BARAT,KABUPATEN BOGOR,TENJO,TUGU SELATAN,7452,JIWA,-671.476.347.934.476,106.971.162.997.475,3209,2025
JAWA BARAT,KABUPATEN BOGOR,TENJO,LEUWIMALANG,6520,JIWA,-666.880.504.443.151,106.928.538.510.867,4544,2025
JAWA BARAT,KABUPATEN BOGOR,CIAWI,KOPO,5995,JIWA,-667.358.226.990.619,106.918.535.086.554,3060,2025
JAWA BARAT,KABUPATEN BOGOR,CIAWI,TUGU UTARA,4783,JIWA,-668.889.428.444.623,106.977.182.664.072,1615,2025
JAWA BARAT,KABUPATEN BOGOR,CIAWI,KUTA,6927,JIWA,-670.341.867.999.553,106.926.856.376.612,3180,2025
JAWA BARAT,KABUPATEN BOGOR,CIAWI,GADOG,6848,JIWA,-666.042.526.454.505,106.872.424.039.475,3295,2025
JAWA BARAT,KABUPATEN BOGOR,CIAWI,SUKAKARYA,9487,JIWA,-667.369.030.137.123,106.897.496.396.434,4487,2025
JAWA BARAT,KABUPATEN BOGOR,CIAWI,MEGAMENDUNG,11931,JIWA,-66.793.736.460.462,106.892.655.492.559,5458,2025
JAWA BARAT,KABUPATEN BOGOR,CIAWI,CIPAYUNG DATAR,4803,JIWA,-665.114.639.786.819,106.882.774.651.476,3396,2025
JAWA BARAT,KABUPATEN BOGOR,CIAWI,SUKAMANAH,6974,JIWA,-668.799.759.935.275,10.689.307.019.917,4598,2025
JAWA BARAT,KABUPATEN BOGOR,CIAWI,SUKAGALIH,4227,JIWA,-668.871.391.991.898,106.909.300.010.015,2220,2025
JAWA BARAT,KABUPATEN BOGOR,CIAWI,CIPAYUNG GIRANG,4452,JIWA,-664.658.134.511.646,1.069.048.900.217,2755,2025
JAWA BARAT,KABUPATEN BOGOR,CIAWI,SUKAMAHI,5541,JIWA,-666.813.181.250.421,106.872.422.767.417,3142,2025
JAWA BARAT,KABUPATEN BOGOR,CIAWI,SUKARESMI,4580,JIWA,-67.029.204.045.513,106.907.824.495.739,2741,2025
JAWA BARAT,KABUPATEN BOGOR,CIAWI,PASIR MUNCANG,12292,JIWA,-672.354.777.966.659,106.831.154.329.943,5786,2025
JAWA BARAT,KABUPATEN BOGOR,CISARUA,CIMANDE HILIR,4540,JIWA,-670.067.479.026.177,106.825.212.301.577,1572,2025
JAWA BARAT,KABUPATEN BOGOR,CISARUA,CIDERUM,3463,JIWA,-669.595.026.263.409,106.850.201.320.896,1938,2025
JAWA BARAT,KABUPATEN BOGOR,CISARUA,CARINGIN,8640,JIWA,-670.581.674.406.945,106.822.328.930.032,5066,2025
JAWA BARAT,KABUPATEN BOGOR,CISARUA,CIHERANG PONDOK,8993,JIWA,-668.965.679.972.319,106.832.016.303.576,5497,2025
JAWA BARAT,KABUPATEN BOGOR,CISARUA,CINAGARA,6568,JIWA,-67.515.461.648.862,106.861.786.091.216,4530,2025
JAWA BARAT,KABUPATEN BOGOR,CISARUA,CIMANDE,10555,JIWA,-674.593.340.189.853,106.896.592.776.523,6344,2025
JAWA BARAT,KABUPATEN BOGOR,CISARUA,PANCAWATI,6477,JIWA,-671.364.500.483.399,106.859.138.700.465,2966,2025
JAWA BARAT,KABUPATEN BOGOR,CISARUA,MUARA JAYA,8480,JIWA,-671.900.164.235.854,106.816.441.359.904,4236,2025
JAWA BARAT,KABUPATEN BOGOR,CISARUA,BASIR BUNCIR,7107,JIWA,-675.774.689.713.568,106.850.287.876.323,4363,2025
JAWA BARAT,KABUPATEN BOGOR,MEGAMENDUNG,LEMAH DUHUR,11683,JIWA,-672.796.449.462.623,106.854.713.298.804,6903,2025
JAWA BARAT,KABUPATEN BOGOR,MEGAMENDUNG,TANGKIL,6832,JIWA,-674.660.581.596.999,106.873.890.927.336,4532,2025
JAWA BARAT,KABUPATEN BOGOR,MEGAMENDUNG,CIJERUK,9453,JIWA,-668.149.117.709.477,106.797.059.892.468,5504,2025
JAWA BARAT,KABUPATEN BOGOR,MEGAMENDUNG,CIPELANG,8534,JIWA,-669.325.845.876.274,10.677.949.848.252,4401,2025
JAWA BARAT,KABUPATEN BOGOR,MEGAMENDUNG,WARUNG MENTENG,8264,JIWA,-67.012.947.052.051,106.807.513.602.124,3691,2025
JAWA BARAT,KABUPATEN BOGOR,MEGAMENDUNG,TAJUR HALANG,10825,JIWA,-667.785.587.156.822,106.779.543.702.905,8254,2025
JAWA BARAT,KABUPATEN BOGOR,MEGAMENDUNG,CIPICUNG,5085,JIWA,-666.654.435.729.651,106.808.849.236.571,1537,2025
JAWA BARAT,KABUPATEN BOGOR,MEGAMENDUNG,CIBALUNG,6210,JIWA,-668.707.899.326.525,106.808.988.505.663,3283,2025
JAWA BARAT,KABUPATEN BOGOR,MEGAMENDUNG,SUKAHARJA,4877,JIWA,-667.307.580.434.399,106.767.696.695.946,3345,2025
JAWA BARAT,KABUPATEN BOGOR,MEGAMENDUNG,PALASARI,6391,JIWA,-666.175.460.199.252,106.797.189.995.272,3485,2025
JAWA BARAT,KABUPATEN BOGOR,MEGAMENDUNG,TANJUNGSARI,6810,JIWA,-667.869.798.067.288,106.789.835.137.025,4602,2025
JAWA BARAT,KABUPATEN BOGOR,MEGAMENDUNG,MEKARJAYA,4787,JIWA,-661.225.420.066.033,106.778.018.905.653,5672,2025
JAWA BARAT,KABUPATEN BOGOR,CARINGIN,SUKAHARJA,5093,JIWA,-660.194.361.057.201,106.765.683.822.854,5910,2025
JAWA BARAT,KABUPATEN BOGOR,CARINGIN,PARAKAN,6014,JIWA,-662.025.310.301.642,106.769.167.052.262,1502,2025
JAWA BARAT,KABUPATEN BOGOR,CARINGIN,CIOMAS,4129,JIWA,-660.248.364.298.167,106.765.785.498.477,1515,2025
JAWA BARAT,KABUPATEN BOGOR,CARINGIN,PAGELARAN,2942,JIWA,-661.286.410.144.078,106.760.323.897.566,1349,2025
JAWA BARAT,KABUPATEN BOGOR,CARINGIN,SUKAMAKMUR,7452,JIWA,-661.316.839.468.378,106.751.488.858.117,4061,2025
JAWA BARAT,KABUPATEN BOGOR,CARINGIN,CIAPUS,6348,JIWA,-659.650.648.361.595,106.750.002.720.838,6041,2025
JAWA BARAT,KABUPATEN BOGOR,CARINGIN,KOTA BATU,4794,JIWA,-662.712.300.022.423,106.780.163.898.355,1559,2025
JAWA BARAT,KABUPATEN BOGOR,CARINGIN,LALADON,4725,JIWA,-658.601.740.727.007,106.755.900.403.504,1512,2025
JAWA BARAT,KABUPATEN BOGOR,CARINGIN,CIOMAS RAHAYU,7960,JIWA,-659.968.231.882.668,106.769.152.196.244,5263,2025
JAWA BARAT,KABUPATEN BOGOR,CARINGIN,SUKADAMAI,5010,JIWA,-659.970.189.756.665,106.769.171.201.829,2905,2025
JAWA BARAT,KABUPATEN BOGOR,CARINGIN,CIHERANG,4228,JIWA,-658.723.032.634.995,106.750.282.539.337,1499,2025
JAWA BARAT,KABUPATEN BOGOR,CARINGIN,SINARSARI,6122,JIWA,-658.295.112.733.914,106.733.907.683.564,3207,2025
JAWA BARAT,KABUPATEN BOGOR,CIJERUK,SUKAWENING,5708,JIWA,-660.205.200.152.917,106.738.207.203.879,2987,2025
JAWA BARAT,KABUPATEN BOGOR,CIJERUK,PETIR,3621,JIWA,-660.780.021.509.629,106.720.525.224.349,1338,2025
JAWA BARAT,KABUPATEN BOGOR,CIJERUK,PURWASARI,6887,JIWA,-66.221.037.137.505,106.716.092.596.172,3385,2025
JAWA BARAT,KABUPATEN BOGOR,CIJERUK,CIKARAWANG,4462,JIWA,-654.570.296.596.795,106.732.309.936.231,2773,2025
JAWA BARAT,KABUPATEN BOGOR,CIJERUK,BABAKAN,5049,JIWA,-655.618.199.924.222,106.726.412.502.339,2744,2025
JAWA BARAT,KABUPATEN BOGOR,CIJERUK,DRAMAGA,2103,JIWA,-657.766.898.368.174,106.731.921.805.903,993,2025
JAWA BARAT,KABUPATEN BOGOR,CIJERUK,NEGLASARI,2316,JIWA,-658.570.105.363.779,106.725.017.238.673,1208,2025
JAWA BARAT,KABUPATEN BOGOR,CIJERUK,SUKAMANTRI,7615,JIWA,-664.713.399.356.814,106.773.594.994.349,3670,2025
JAWA BARAT,KABUPATEN BOGOR,CIJERUK,PASIREURIH,2599,JIWA,-663.724.912.386.269,106.761.807.011.066,9744,2025
JAWA BARAT,KABUPATEN BOGOR,CIOMAS,TAMANSARI,7189,JIWA,-664.903.918.421.932,106.754.972.223.241,4021,2025
JAWA BARAT,KABUPATEN BOGOR,CIOMAS,SUKALUYU,7089,JIWA,-664.210.836.097.663,106.742.452.117.044,3985,2025
JAWA BARAT,KABUPATEN BOGOR,CIOMAS,SUKARESMI,8317,JIWA,-662.720.081.510.303,106.755.814.544.066,3986,2025
JAWA BARAT,KABUPATEN BOGOR,CIOMAS,SUKAJAYA,3942,JIWA,-66.382.495.838.744,106.732.351.546.217,1841,2025
JAWA BARAT,KABUPATEN BOGOR,CIOMAS,SUKAJADI,9157,JIWA,-663.867.630.142.486,106.720.515.403.593,6108,2025
JAWA BARAT,KABUPATEN BOGOR,CIOMAS,KLAPANUNGGAL,9240,JIWA,-645.201.557.429.344,106.956.803.706.294,4334,2025
JAWA BARAT,KABUPATEN BOGOR,CIOMAS,BOJONG,4511,JIWA,-644.941.653.369.119,106.997.838.140.884,1936,2025
JAWA BARAT,KABUPATEN BOGOR,CIOMAS,NAMBO,4940,JIWA,-647.479.979.516.742,106.929.957.898.875,1527,2025
JAWA BARAT,KABUPATEN BOGOR,CIOMAS,LULUT,5759,JIWA,-649.317.972.701.333,106.915.262.440.921,9632,2025
JAWA BARAT,KABUPATEN BOGOR,CIOMAS,CIKAHURIPAN,3380,JIWA,-645.534.640.204.435,10.697.423.089.757,1940,2025
JAWA BARAT,KABUPATEN BOGOR,DRAMAGA,KEMBANG KUNING,9631,JIWA,-645.142.690.336.816,106.938.811.787.605,5660,2025
JAWA BARAT,KABUPATEN BOGOR,DRAMAGA,BANTAR JATI,3395,JIWA,-646.801.230.004.177,106.903.398.098.753,1864,2025
JAWA BARAT,KABUPATEN BOGOR,DRAMAGA,LEUWIKARET,4328,JIWA,-651.543.300.536.765,106.941.763.212.827,1919,2025
JAWA BARAT,KABUPATEN BOGOR,DRAMAGA,LIGARMUKTI,3313,JIWA,-649.369.770.536.456,106.977.182.681.239,1623,2025
JAWA BARAT,KABUPATEN BOGOR,DRAMAGA,PUTAT NUTUG,4260,JIWA,-6.465.715.702.932,106.667.448.399.477,4769,2025
JAWA BARAT,KABUPATEN BOGOR,DRAMAGA,CISEENG,3431,JIWA,-644.163.950.355.768,106.695.251.297.509,1957,2025
JAWA BARAT,KABUPATEN BOGOR,DRAMAGA,PARIGI MEKAR,5307,JIWA,-644.933.044.122.431,106.696.928.356.525,2936,2025
JAWA BARAT,KABUPATEN BOGOR,DRAMAGA,CIBENTANG,3398,JIWA,-643.985.700.003.418,10.667.334.410.272,1311,2025
JAWA BARAT,KABUPATEN BOGOR,DRAMAGA,CIBEUTEUNG UDIK,6566,JIWA,-648.538.436.700.192,106.691.002.860.995,4829,2025
JAWA BARAT,KABUPATEN BOGOR,DRAMAGA,KARIHKIL,2334,JIWA,-648.585.401.256.122,106.679.319.900.054,1218,2025
JAWA BARAT,KABUPATEN BOGOR,TAMANSARI,BABAKAN,5084,JIWA,-644.925.970.537.322,106.677.935.889.606,2839,2025
JAWA BARAT,KABUPATEN BOGOR,TAMANSARI,CIHOE,3118,JIWA,-643.054.154.645.823,106.683.659.722.494,1911,2025
JAWA BARAT,KABUPATEN BOGOR,TAMANSARI,CIBEUTEUNG MUARA,3550,JIWA,-644.523.497.776.096,106.661.771.972.421,1485,2025
JAWA BARAT,KABUPATEN BOGOR,TAMANSARI,KURIPAN,3862,JIWA,-641.973.009.430.515,106.661.552.900.434,1924,2025
JAWA BARAT,KABUPATEN BOGOR,TAMANSARI,BANTARJAYA,4170,JIWA,-653.028.850.231.969,10.673.230.969.416,1529,2025
JAWA BARAT,KABUPATEN BOGOR,TAMANSARI,BANTARSARI,6072,JIWA,-65.200.144.892.755,106.732.309.691.226,3250,2025
JAWA BARAT,KABUPATEN BOGOR,TAMANSARI,PASIRGAOK,3552,JIWA,-65.358.165.224.713,106.720.483.208.757,1951,2025
JAWA BARAT,KABUPATEN BOGOR,TAMANSARI,RANCABUNGUR,3172,JIWA,-653.816.561.511.028,106.731.255.948.349,1374,2025
JAWA BARAT,KABUPATEN BOGOR,KLAPANUNGGAL,MEKARSARI,3949,JIWA,-651.297.801.488.563,10.668.860.500.935,2908,2025
JAWA BARAT,KABUPATEN BOGOR,KLAPANUNGGAL,CANDALI,5053,JIWA,-650.795.238.535.239,106.699.450.775.155,2954,2025
JAWA BARAT,KABUPATEN BOGOR,KLAPANUNGGAL,CIMULANG,3942,JIWA,-652.042.730.053.165,106.714.517.322.156,1900,2025
JAWA BARAT,KABUPATEN BOGOR,KLAPANUNGGAL,CISARUA,6194,JIWA,-668.741.636.283.196,10.694.001.723.338,3247,2025
JAWA BARAT,KABUPATEN BOGOR,KLAPANUNGGAL,KIARASARI,3433,JIWA,-668.510.999.956.266,106.493.656.096.165,1627,2025
JAWA BARAT,KABUPATEN BOGOR,KLAPANUNGGAL,SUKAJAYA,2881,JIWA,-658.959.841.446.361,106.489.949.140.109,2531,2025
JAWA BARAT,KABUPATEN BOGOR,KLAPANUNGGAL,SIPAYUNG,3147,JIWA,-657.158.506.973.277,106.505.211.938.125,1914,2025
JAWA BARAT,KABUPATEN BOGOR,KLAPANUNGGAL,CILEUKSA,3054,JIWA,-659.362.042.256.705,106.447.367.188.824,1672,2025
JAWA BARAT,KABUPATEN BOGOR,KLAPANUNGGAL,KIARAPANDAK,5901,JIWA,-662.326.500.200.191,106.493.590.605.404,3016,2025
JAWA BARAT,KABUPATEN BOGOR,CISEENG,HARKATJAYA,3971,JIWA,-660.474.599.848.994,10.650.832.560.192,1978,2025
JAWA BARAT,KABUPATEN BOGOR,CISEENG,SUKAMULIH,3203,JIWA,-656.189.623.418.904,106.481.822.169.548,1909,2025
JAWA BARAT,KABUPATEN BOGOR,CISEENG,PASIR MADANG,3727,JIWA,-660.290.535.037.852,106.470.195.080.076,1872,2025
JAWA BARAT,KABUPATEN BOGOR,CISEENG,JAYARAHARJA,7531,JIWA,-659.205.008.116.582,106.498.742.578.562,3899,2025
JAWA BARAT,KABUPATEN BOGOR,CISEENG,URUG,7581,JIWA,-662.079.809.966.445,106.509.299.199.644,3993,2025
JAWA BARAT,KABUPATEN BOGOR,CISEENG,TANJUNGSARI,7044,JIWA,-661.664.801.236.984,107.156.622.969.755,4551,2025
JAWA BARAT,KABUPATEN BOGOR,CISEENG,SELAWANGI,3508,JIWA,-657.367.669.241.681,10.709.799.301.581,1571,2025
JAWA BARAT,KABUPATEN BOGOR,CISEENG,TANJUNGRASA,5629,JIWA,-657.804.588.534.174,107.133.672.868.823,2788,2025
JAWA BARAT,KABUPATEN BOGOR,CISEENG,ANTAJAYA,2936,JIWA,-658.931.910.319.331,107.177.993.613.036,1664,2025
JAWA BARAT,KABUPATEN BOGOR,CISEENG,PASIR TANJUNG,3994,JIWA,-660.083.340.224.728,107.142.544.197.346,1933,2025
JAWA BARAT,KABUPATEN BOGOR,RANCA BUNGUR,CIBADAK,5765,JIWA,-662.755.040.247.334,107.113.007.005.028,3431,2025
JAWA BARAT,KABUPATEN BOGOR,RANCA BUNGUR,SUKARASA,5214,JIWA,-660.291.064.782.204,107.083.473.404.215,2856,2025
JAWA BARAT,KABUPATEN BOGOR,RANCA BUNGUR,SIRNASARI,4857,JIWA,-66.336.880.073.957,107.157.314.198.696,2768,2025
JAWA BARAT,KABUPATEN BOGOR,RANCA BUNGUR,BUANAJAYA,7257,JIWA,-662.522.729.217.469,107.183.335.310.493,2717,2025
JAWA BARAT,KABUPATEN BOGOR,RANCA BUNGUR,SIRNARASA,2596,JIWA,-665.152.936.879.945,107.132.814.161.204,1394,2025
JAWA BARAT,KABUPATEN BOGOR,RANCA BUNGUR,CITAYAM,7175,JIWA,-644.191.175.363.405,10.674.240.327.858,4082,2025
JAWA BARAT,KABUPATEN BOGOR,RANCA BUNGUR,SASAK PANJANG,3094,JIWA,-645.256.920.314.784,106.765.151.884.787,1434,2025
JAWA BARAT,KABUPATEN BOGOR,SUKAJAYA,NANGGERANG,4368,JIWA,-646.708.069.859.717,106.779.493.500.612,4367,2025
JAWA BARAT,KABUPATEN BOGOR,SUKAJAYA,SUKMAJAYA,3452,JIWA,-648.228.717.787.301,106.779.642.488.329,2867,2025
JAWA BARAT,KABUPATEN BOGOR,SUKAJAYA,TONJONG,6558,JIWA,-649.094.485.635.833,106.766.198.381.431,4025,2025
JAWA BARAT,KABUPATEN BOGOR,SUKAJAYA,KALISUREN,6819,JIWA,-646.248.699.484.873,106.740.090.709.375,3877,2025
JAWA BARAT,KABUPATEN BOGOR,SUKAJAYA,CIGOMBONG,6916,JIWA,-673.626.959.962.071,106.819.671.759.564,5313,2025
JAWA BARAT,KABUPATEN BOGOR,SUKAJAYA,WATESJAYA,4761,JIWA,-675.652.543.743.151,106.811.938.167.499,2942,2025
JAWA BARAT,KABUPATEN BOGOR,SUKAJAYA,CIBURUY,7842,JIWA,-673.356.695.580.691,106.809.004.912.844,3908,2025
JAWA BARAT,KABUPATEN BOGOR,SUKAJAYA,SROGOL,7821,JIWA,-674.202.863.467.186,10.681.923.639.415,3877,2025
JAWA BARAT,KABUPATEN BOGOR,SUKAJAYA,CISALADA,10182,JIWA,-673.368.179.932.832,106.793.851.700.189,6600,2025
JAWA BARAT,KABUPATEN BOGOR,SUKAJAYA,TUGUJAYA,5019,JIWA,-673.956.472.989.098,106.779.647.922.305,2648,2025
JAWA BARAT,KABUPATEN BOGOR,SUKAJAYA,PASIRJAYA,8033,JIWA,-674.304.581.557.981,106.804.254.194.165,2896,2025
JAWA BARAT,KABUPATEN BOGOR,TANJUNGSARI,CIBURAYUT,8655,JIWA,-67.198.396.970.433,106.792.765.806.017,5309,2025
JAWA BARAT,KABUPATEN BOGOR,TANJUNGSARI,CIADEG,3504,JIWA,-671.283.150.118.331,10.680.898.850.357,1531,2025
JAWA BARAT,KABUPATEN BOGOR,TANJUNGSARI,LEUWISADENG,5916,JIWA,-656.645.394.773.475,1.065.958.594.032,2839,2025
JAWA BARAT,KABUPATEN BOGOR,TANJUNGSARI,BABAKAN SADENG,7132,JIWA,-657.147.229.923.896,106.579.032.300.552,4370,2025
JAWA BARAT,KABUPATEN BOGOR,TANJUNGSARI,SADENG KOLOT,4576,JIWA,-659.699.970.879.773,106.584.925.597.366,2940,2025
JAWA BARAT,KABUPATEN BOGOR,TANJUNGSARI,WANGUNJAYA,4766,JIWA,-658.691.251.608.931,106.579.035.173.374,3341,2025
JAWA BARAT,KABUPATEN BOGOR,TANJUNGSARI,KALONG I,6970,JIWA,-655.673.251.153.398,106.561.408.825.558,3751,2025
JAWA BARAT,KABUPATEN BOGOR,TANJUNGSARI,KALONG II,7339,JIWA,-655.753.595.224.405,106.571.231.025.405,4233,2025
JAWA BARAT,KABUPATEN BOGOR,TANJUNGSARI,SADENG,20826,JIWA,-655.601.901.910.861,1.065.849.256.022,12578,2025
JAWA BARAT,KABUPATEN BOGOR,TANJUNGSARI,SIBANTENG,3339,JIWA,-655.545.141.770.363,106.596.480.947.289,1861,2025
JAWA BARAT,KABUPATEN BOGOR,TAJURHALANG,TAPOS I,8077,JIWA,-667.779.815.218.413,10.670.577.121.214,4288,2025
JAWA BARAT,KABUPATEN BOGOR,TAJURHALANG,TAPOS II,8626,JIWA,-663.464.179.465.878,106.691.065.152.229,4763,2025
JAWA BARAT,KABUPATEN BOGOR,TAJURHALANG,CIBITUNG TENGAH,8463,JIWA,-661.932.238.131.902,106.691.032.198.261,4896,2025
JAWA BARAT,KABUPATEN BOGOR,TAJURHALANG,SITUDAUN,6289,JIWA,-662.364.369.678.369,106.708.721.597.909,4373,2025
JAWA BARAT,KABUPATEN BOGOR,TAJURHALANG,CINANGNENG,3783,JIWA,-66.056.951.018.833,106.709.282.157.615,1914,2025
JAWA BARAT,KABUPATEN BOGOR,TAJURHALANG,GUNUNG MALANG,5562,JIWA,-666.956.466.498.066,1.067.205.154.411,2839,2025
JAWA BARAT,KABUPATEN BOGOR,TAJURHALANG,GUNUNG MULYA,4130,JIWA,-658.080.202.096.821,106.767.781.426.022,1545,2025