nama_provinsi,nama_kabupaten,nama_kecamatan,nama_kelurahan,latitude,longitude
JAWA BARAT,KABUPATEN BOGOR,GUNUNG PUTRI,WANAHERANG,-641.534.741.831.552,106.944.725.652.308
JAWA BARAT,KABUPATEN BOGOR,GUNUNG PUTRI,BOJONG KULUR,-63.199.296.884.839,106.968.693.891.321
JAWA BARAT,KABUPATEN BOGOR,GUNUNG PUTRI,CIANGSANA,-63.586.371.963.985,106.956.520.603.805
JAWA BARAT,KABUPATEN BOGOR,GUNUNG PUTRI,GUNUNG PUTRI,-642.877.421.459.399,106.922.346.875.011
JAWA BARAT,KABUPATEN BOGOR,GUNUNG PUTRI,BOJONG NANGKA,-642.886.459.449.679,106.924.055.401.173
JAWA BARAT,KABUPATEN BOGOR,GUNUNG PUTRI,TLAJUNG UDIK,-644.595.459.199.253,10.691.244.110.589
JAWA BARAT,KABUPATEN BOGOR,GUNUNG PUTRI,CICADAS,-643.202.740.723.859,106.928.332.782.209
JAWA BARAT,KABUPATEN BOGOR,GUNUNG PUTRI,CIKEAS UDIK,-640.543.171.832.865,106.935.465.798.453
JAWA BARAT,KABUPATEN BOGOR,GUNUNG PUTRI,NAGRAK,-661.854.995.105.859,106.856.188.360.571
JAWA BARAT,KABUPATEN BOGOR,GUNUNG PUTRI,KARANGGAN,-645.838.186.462.006,106.885.688.889.531
JAWA BARAT,KABUPATEN BOGOR,CITEUREUP,PUSPASARI,-64.753.764.986.759,106.875.366.189.273
JAWA BARAT,KABUPATEN BOGOR,CITEUREUP,CITEUREUP,-648.822.068.611.909,106.881.613.833.779
JAWA BARAT,KABUPATEN BOGOR,CITEUREUP,LEUWINUTUG,-651.410.566.102.532,106.863.292.730.976
JAWA BARAT,KABUPATEN BOGOR,CITEUREUP,TAJUR,-648.936.695.047.871,106.879.769.135.837
JAWA BARAT,KABUPATEN BOGOR,CITEUREUP,SANJA,-650.512.960.274.467,106.867.989.901.754
JAWA BARAT,KABUPATEN BOGOR,CITEUREUP,KARANG ASEM TIMUR,-649.836.260.101.087,106.878.316.699.309
JAWA BARAT,KABUPATEN BOGOR,CITEUREUP,TARIKOLOT,-649.919.209.922.278,106.891.594.804.465
JAWA BARAT,KABUPATEN BOGOR,CITEUREUP,GUNUNGSARI,-649.878.890.339.671,106.903.398.099.623
JAWA BARAT,KABUPATEN BOGOR,CITEUREUP,TANGKIL,-653.839.620.480.928,106.870.940.397.964
JAWA BARAT,KABUPATEN BOGOR,CITEUREUP,SUKAHATI,-651.482.250.255.087,106.885.486.240.243
JAWA BARAT,KABUPATEN BOGOR,CITEUREUP,HAMBALANG,-655.268.125.547.241,106.900.284.039.461
JAWA BARAT,KABUPATEN BOGOR,CITEUREUP,PASIRMUKTI,-650.925.320.481.565,106.897.496.408.182
JAWA BARAT,KABUPATEN BOGOR,SUKARAJA,GUNUNGGEULIS,-663.081.619.558.469,106.884.818.699.492
JAWA BARAT,KABUPATEN BOGOR,SUKARAJA,CILEBUT TIMUR,-652.669.560.141.663,106.801.654.253.786
JAWA BARAT,KABUPATEN BOGOR,SUKARAJA,CILEBUT BARAT,-653.018.383.363.828,10.679.746.821.972
JAWA BARAT,KABUPATEN BOGOR,SUKARAJA,CIBANON,-66.339.304.976.846,106.850.156.786.903
JAWA BARAT,KABUPATEN BOGOR,SUKARAJA,NAGRAK,-661.854.995.105.859,106.856.188.360.571
JAWA BARAT,KABUPATEN BOGOR,SUKARAJA,SUKATANI,-661.011.409.568.753,106.839.962.297.329
JAWA BARAT,KABUPATEN BOGOR,SUKARAJA,SUKARAJA,-652.616.907.598.492,106.800.288.920.431
JAWA BARAT,KABUPATEN BOGOR,SUKARAJA,CIKEAS,-659.325.340.345.282,106.844.387.503.639
JAWA BARAT,KABUPATEN BOGOR,SUKARAJA,PASIR JAMBU,-653.281.357.684.749,10.680.898.847.377
JAWA BARAT,KABUPATEN BOGOR,SUKARAJA,CIMANDALA,-653.508.639.202.604,106.821.234.005.781
JAWA BARAT,KABUPATEN BOGOR,SUKARAJA,CIJUJUNG,-653.675.020.317.731,106.833.357.200.353
JAWA BARAT,KABUPATEN BOGOR,SUKARAJA,CADASNGAMPAR,-657.403.200.168.424,106.842.912.400.088
JAWA BARAT,KABUPATEN BOGOR,SUKARAJA,PASIRLAJA,-654.721.260.055.963,106.838.487.299.082
JAWA BARAT,KABUPATEN BOGOR,BABAKAN MADANG,CIJAYANTI,-659.011.029.986.018,106.865.755.700.061
JAWA BARAT,KABUPATEN BOGOR,BABAKAN MADANG,SUMURBATU,-658.335.941.075.985,106.884.438.598.278
JAWA BARAT,KABUPATEN BOGOR,BABAKAN MADANG,SENTUL,-651.818.790.035.445,106.849.630.399.081
JAWA BARAT,KABUPATEN BOGOR,BABAKAN MADANG,KARANGTENGAH,-657.580.991.602.948,106.893.568.321.192
JAWA BARAT,KABUPATEN BOGOR,BABAKAN MADANG,CIPAMBUAN,-656.242.080.103.822,106.844.387.501.684
JAWA BARAT,KABUPATEN BOGOR,BABAKAN MADANG,KADUMANGGU,-654.064.550.659.096,106.853.412.696.649
JAWA BARAT,KABUPATEN BOGOR,BABAKAN MADANG,CITARINGGUL,-656.795.480.198.468,106.859.214.199.126
JAWA BARAT,KABUPATEN BOGOR,BABAKAN MADANG,KARANGTENGAH,-657.580.991.602.948,106.893.568.321.192
JAWA BARAT,KABUPATEN BOGOR,BABAKAN MADANG,BOJONG KONENG,-660.032.419.652.566,106.891.928.195.133
JAWA BARAT,KABUPATEN BOGOR,JONGGOL,SUKAMAJU,-645.817.622.191.731,107.059.503.182.159
JAWA BARAT,KABUPATEN BOGOR,JONGGOL,SUKAGALIH,-64.765.147.872.983,107.104.146.509.966
JAWA BARAT,KABUPATEN BOGOR,JONGGOL,SINGAJAYA,-645.974.690.929.585,107.042.296.100.936
JAWA BARAT,KABUPATEN BOGOR,JONGGOL,SUKASIRNA,-649.085.510.177.013,107.059.849.101.377
JAWA BARAT,KABUPATEN BOGOR,JONGGOL,SUKANEGARA,-65.228.467.072.433,10.702.441.709.828
JAWA BARAT,KABUPATEN BOGOR,JONGGOL,SUKAMANAH,-644.207.365.297.893,107.062.801.833.508
JAWA BARAT,KABUPATEN BOGOR,JONGGOL,WENINGGALIH,-646.134.769.974.781,107.098.239.698.417
JAWA BARAT,KABUPATEN BOGOR,JONGGOL,CIBODAS,-651.340.217.355.284,10.700.079.870.407
JAWA BARAT,KABUPATEN BOGOR,JONGGOL,JONGGOL,-645.974.688.924.721,107.042.296.076.835
JAWA BARAT,KABUPATEN BOGOR,JONGGOL,BENDUNGAN,-649.004.030.057.598,107.083.473.401.608
JAWA BARAT,KABUPATEN BOGOR,JONGGOL,SINGASARI,-646.664.638.740.472,107.018.512.298.352
JAWA BARAT,KABUPATEN BOGOR,JONGGOL,BALEKAMBANG,-651.321.261.218.105,107.080.520.206.489
JAWA BARAT,KABUPATEN BOGOR,JONGGOL,SUKAJAYA,-654.378.781.808.548,107.012.507.018.467
JAWA BARAT,KABUPATEN BOGOR,JONGGOL,SUKAGALIH,-64.765.147.872.983,107.104.146.509.966
JAWA BARAT,KABUPATEN BOGOR,CILEUNGSI,PASIRANGIN,-636.817.813.140.729,106.986.173.574.693
JAWA BARAT,KABUPATEN BOGOR,CILEUNGSI,MEKARSARI,-640.227.180.491.886,106.970.494.097.809
JAWA BARAT,KABUPATEN BOGOR,CILEUNGSI,MAMPIR,-64.289.221.997.618,106.997.846.600.503
JAWA BARAT,KABUPATEN BOGOR,CILEUNGSI,DAYEUH,-643.258.745.247.741,106.965.375.607.749
JAWA BARAT,KABUPATEN BOGOR,CILEUNGSI,GANDOANG,-641.053.566.765.825,107.012.520.458.836
JAWA BARAT,KABUPATEN BOGOR,CILEUNGSI,JATISARI,-641.175.029.558.774,107.050.990.593.148
JAWA BARAT,KABUPATEN BOGOR,CILEUNGSI,CILEUNGSI KIDUL,-640.718.980.177.841,106.973.329.002.713
JAWA BARAT,KABUPATEN BOGOR,CILEUNGSI,CIPEUCANG,-642.239.339.596.265,107.039.179.805.274
JAWA BARAT,KABUPATEN BOGOR,CILEUNGSI,SITUSARI,-642.811.839.917.976,107.021.464.702.386
JAWA BARAT,KABUPATEN BOGOR,CILEUNGSI,CIPENJO,-639.169.489.751.029,106.991.140.203.182
JAWA BARAT,KABUPATEN BOGOR,CILEUNGSI,LIMUSNUNGGAL,-636.168.675.628.814,106.976.239.234.289
JAWA BARAT,KABUPATEN BOGOR,CILEUNGSI,CILEUNGSI,-640.227.180.243.611,10.697.049.410.922
JAWA BARAT,KABUPATEN BOGOR,CARIU,KARYAMEKAR,-655.075.640.579.234,107.107.099.998.804
JAWA BARAT,KABUPATEN BOGOR,CARIU,CARIU,-650.274.799.931.979,10.713.289.159.899
JAWA BARAT,KABUPATEN BOGOR,CARIU,CIKUTAMAHI,-654.869.212.669.023,107.166.176.680.018
JAWA BARAT,KABUPATEN BOGOR,CARIU,KUTAMEKAR,-651.833.940.594.286,107.154.360.071.414
JAWA BARAT,KABUPATEN BOGOR,CARIU,CARIU,-650.274.799.931.979,10.713.289.159.899
JAWA BARAT,KABUPATEN BOGOR,CARIU,MEKARWANGI,-652.244.380.003.215,107.110.053.399.749
JAWA BARAT,KABUPATEN BOGOR,CARIU,BANTARKUNING,-655.977.820.253.845,107.142.544.199.235
JAWA BARAT,KABUPATEN BOGOR,CARIU,SUKAJADI,-648.984.340.007.222,107.163.222.397.705
JAWA BARAT,KABUPATEN BOGOR,CARIU,TEGALPANJANG,-649.148.039.818.619,107.115.960.499.911
JAWA BARAT,KABUPATEN BOGOR,CARIU,CIBATUTIGA,-653.967.321.085,107.130.728.895.898
JAWA BARAT,KABUPATEN BOGOR,SUKAMAKMUR,WARGAJAYA,-661.525.460.649.167,107.024.417.112.426
JAWA BARAT,KABUPATEN BOGOR,SUKAMAKMUR,PABUARAN,-654.541.301.332.081,106.965.375.586.742
JAWA BARAT,KABUPATEN BOGOR,SUKAMAKMUR,SUKADAMAI,-655.486.549.468.384,107.062.802.003.698
JAWA BARAT,KABUPATEN BOGOR,SUKAMAKMUR,SUKAWANGI,-665.135.805.983.812,107.033.289.016.271
JAWA BARAT,KABUPATEN BOGOR,SUKAMAKMUR,CIBADAK,-656.984.119.145.902,106.955.230.497.442
JAWA BARAT,KABUPATEN BOGOR,SUKAMAKMUR,SUKARESMI,-653.228.920.228.975,107.048.037.796.504
JAWA BARAT,KABUPATEN BOGOR,SUKAMAKMUR,SUKAMULYA,-658.525.972.829.081,107.000.798.663.496
JAWA BARAT,KABUPATEN BOGOR,SUKAMAKMUR,SUKAHARJA,-660.415.322.638.763,107.048.037.749.575
JAWA BARAT,KABUPATEN BOGOR,SUKAMAKMUR,SIRNAJAYA,-661.602.138.427.555,107.001.037.197.226
JAWA BARAT,KABUPATEN BOGOR,SUKAMAKMUR,SUKAMAKMUR,-658.525.969.829.935,107.000.798.693.507
JAWA BARAT,KABUPATEN BOGOR,PARUNG,PARUNG,-642.227.377.726.805,106.732.649.605.443
JAWA BARAT,KABUPATEN BOGOR,PARUNG,IWUL,-645.900.129.725.278,106.714.618.398.375
JAWA BARAT,KABUPATEN BOGOR,PARUNG,BOJONGSEMPU,-644.780.150.268.288,106.704.299.096.486
JAWA BARAT,KABUPATEN BOGOR,PARUNG,WARU,-641.776.399.840.146,106.720.515.401.531
JAWA BARAT,KABUPATEN BOGOR,PARUNG,JAMPANG,-64.740.017.027.506,106.726.412.499.787
JAWA BARAT,KABUPATEN BOGOR,PARUNG,PONDOK UDIK,-649.174.740.204.773,10.674.229.429.984
JAWA BARAT,KABUPATEN BOGOR,PARUNG,TEGAL,-648.808.310.702.394,10.671.688.890.278
JAWA BARAT,KABUPATEN BOGOR,PARUNG,BOJONGBARU,-64.763.456.784.789,106.808.988.508.515
JAWA BARAT,KABUPATEN BOGOR,PARUNG,CIMANGGIS,-647.921.091.518.763,106.800.139.589.387
JAWA BARAT,KABUPATEN BOGOR,GUNUNG SINDUR,SUSUKAN,-647.201.519.640.033,106.792.169.591.542
JAWA BARAT,KABUPATEN BOGOR,GUNUNG SINDUR,RAGAJAYA,-644.827.845.669.581,106.786.353.502.179
JAWA BARAT,KABUPATEN BOGOR,GUNUNG SINDUR,KEDUNGWARINGIN,-649.747.420.003.879,106.791.290.997.566
JAWA BARAT,KABUPATEN BOGOR,GUNUNG SINDUR,WARINGINJAYA,-650.907.520.091.327,106.789.816.304.786
JAWA BARAT,KABUPATEN BOGOR,GUNUNG SINDUR,RAWAPANJANG,-646.069.309.623.878,10.681.045.159.419
JAWA BARAT,KABUPATEN BOGOR,GUNUNG SINDUR,BOJONGGEDE,-647.921.091.518.763,106.800.139.589.387
JAWA BARAT,KABUPATEN BOGOR,GUNUNG SINDUR,LEUWILIANG,-65.741.479.322.487,10.663.200.664.214
JAWA BARAT,KABUPATEN BOGOR,GUNUNG SINDUR,PURASARI,-670.208.349.892.598,10.659.965.948.981
JAWA BARAT,KABUPATEN BOGOR,GUNUNG SINDUR,KARYASARI,-663.952.973.940.505,106.623.205.138.119
JAWA BARAT,KABUPATEN BOGOR,GUNUNG SINDUR,PABANGBON,-662.006.344.521.199,106.587.874.023.791
JAWA BARAT,KABUPATEN BOGOR,KEMANG,KARACAK,-661.845.179.644.856,10.663.502.500.369
JAWA BARAT,KABUPATEN BOGOR,KEMANG,BARENGKOK,-659.786.689.902.527,106.635.025.001.017
JAWA BARAT,KABUPATEN BOGOR,KEMANG,LEUWIMEKAR,-658.510.520.087.431,106.632.077.701.804
JAWA BARAT,KABUPATEN BOGOR,KEMANG,PURASEDA,-666.085.809.463.764,106.599.659.491.526
JAWA BARAT,KABUPATEN BOGOR,KEMANG,CIBEBER I,-657.007.420.844.703,106.620.288.672.018
JAWA BARAT,KABUPATEN BOGOR,KEMANG,CIBEBER II,-660.114.308.865.622,106.614.394.407.048
JAWA BARAT,KABUPATEN BOGOR,KEMANG,KAREHKEL,-654.920.252.830.308,10.663.783.843.083
JAWA BARAT,KABUPATEN BOGOR,KEMANG,CIAMPEA,-655.491.545.300.343,106.695.905.759.329
JAWA BARAT,KABUPATEN BOGOR,BOJONG GEDE,CINANGKA,-659.311.488.535.965,106.696.927.192.263
JAWA BARAT,KABUPATEN BOGOR,BOJONG GEDE,CIHIDEUNGUDIK,-658.354.216.838.462,106.718.772.602.252
JAWA BARAT,KABUPATEN BOGOR,BOJONG GEDE,BOJONGJENGKOL,-657.688.281.242.856,106.711.233.879.413
JAWA BARAT,KABUPATEN BOGOR,BOJONG GEDE,TEGALWARU,-657.260.960.423.258,106.696.928.503.181
JAWA BARAT,KABUPATEN BOGOR,BOJONG GEDE,TEGALLEGA,-646.580.760.188.542,106.587.872.303.034
JAWA BARAT,KABUPATEN BOGOR,BOJONG GEDE,CIBUNTU,-659.358.359.897.279,10.668.513.599.925
JAWA BARAT,KABUPATEN BOGOR,BOJONG GEDE,CICADAS,-657.815.399.875.334,106.685.136.001.664
JAWA BARAT,KABUPATEN BOGOR,BOJONG GEDE,CIBADAK,-65.612.925.746.784,106.689.558.116.881
JAWA BARAT,KABUPATEN BOGOR,LEUWILIANG,BOJONGRANGKAS,-655.852.150.135.239,106.695.454.400.659
JAWA BARAT,KABUPATEN BOGOR,LEUWILIANG,CIHIDEUNGHILIR,-657.046.889.710.848,106.721.989.599.775
JAWA BARAT,KABUPATEN BOGOR,LEUWILIANG,CIBANTENG,-655.547.041.478.689,106.710.212.214.806
JAWA BARAT,KABUPATEN BOGOR,LEUWILIANG,BENTENG,-655.494.210.113.729,106.696.162.611.214
JAWA BARAT,KABUPATEN BOGOR,LEUWILIANG,CIAMPEA UDIK,-66.129.264.960.753,10.668.366.199.827
JAWA BARAT,KABUPATEN BOGOR,LEUWILIANG,SITU UDIK,-662.052.091.146.592,106.649.762.294.141
JAWA BARAT,KABUPATEN BOGOR,LEUWILIANG,SITU ILIR,-660.488.060.321.669,10.665.565.750.518
JAWA BARAT,KABUPATEN BOGOR,LEUWILIANG,CEMPLANG,-657.496.618.966.556,106.660.664.111.814
JAWA BARAT,KABUPATEN BOGOR,LEUWILIANG,CIBATOK I,-658.009.259.521.444,106.665.974.180.624
JAWA BARAT,KABUPATEN BOGOR,LEUWILIANG,CIARUTEUN UDIK,-660.427.569.965.002,106.673.344.098.909
JAWA BARAT,KABUPATEN BOGOR,LEUWILIANG,LEUWEUNGKOLOT,-655.798.819.940.089,10.667.334.409.744
JAWA BARAT,KABUPATEN BOGOR,CIAMPEA,CIMANGGU I,-656.209.469.804.978,106.665.974.601.826
JAWA BARAT,KABUPATEN BOGOR,CIAMPEA,CIMANGGU II,-657.000.819.534.763,106.660.079.099.553
JAWA BARAT,KABUPATEN BOGOR,CIAMPEA,DUKUH,-656.506.633.834.248,106.654.183.751.371
JAWA BARAT,KABUPATEN BOGOR,CIAMPEA,CIJUJUNG,-654.830.659.534.549,106.655.657.499.383
JAWA BARAT,KABUPATEN BOGOR,CIAMPEA,CIARUTEUN ILIR,-65.425.667.975.831,106.673.344.107.575
JAWA BARAT,KABUPATEN BOGOR,CIAMPEA,CIBATOK II,-657.988.230.027.117,106.665.406.099.748
JAWA BARAT,KABUPATEN BOGOR,CIAMPEA,SUKAMAJU,-658.941.817.906.062,106.655.686.070.222
JAWA BARAT,KABUPATEN BOGOR,CIAMPEA,GALUGA,-656.413.108.092.476,106.643.867.301.629
JAWA BARAT,KABUPATEN BOGOR,CIAMPEA,GIRIMULYA,-656.940.620.083.647,106.677.765.997.266
JAWA BARAT,KABUPATEN BOGOR,CIAMPEA,PURWABAKTI,-673.179.168.694.191,106.635.025.017.386
JAWA BARAT,KABUPATEN BOGOR,CIAMPEA,CIBUNIAN,-67.115.775.373.222,106.623.235.926.192
JAWA BARAT,KABUPATEN BOGOR,CIAMPEA,CIBITUNGWETAN,-664.672.370.496.991,106.637.959.315.963
JAWA BARAT,KABUPATEN BOGOR,CIAMPEA,GUNUNGMENYAN,-66.250.615.034.029,106.667.448.403.797
JAWA BARAT,KABUPATEN BOGOR,CIBUNGBULANG,GUNUNGBUNDER II,-667.058.551.383.355,106.691.032.195.693
JAWA BARAT,KABUPATEN BOGOR,CIBUNGBULANG,PASAREAN,-664.070.680.321.748,10.666.155.289.973
JAWA BARAT,KABUPATEN BOGOR,CIBUNGBULANG,CIMAYANG,-661.095.971.457.622,106.665.974.615.051
JAWA BARAT,KABUPATEN BOGOR,CIBUNGBULANG,PAMIJAHAN,-663.475.940.681.185,106.679.677.276.569
JAWA BARAT,KABUPATEN BOGOR,CIBUNGBULANG,CIBENING,-66.298.035.963.999,106.679.240.001.127
JAWA BARAT,KABUPATEN BOGOR,CIBUNGBULANG,GUNUNGBUNDER I,-665.019.675.896.206,106.679.239.998.112
JAWA BARAT,KABUPATEN BOGOR,CIBUNGBULANG,CIBITUNG KULON,-66.621.159.334.084,106.637.972.997.755
JAWA BARAT,KABUPATEN BOGOR,CIBUNGBULANG,GUNUNG PICUNG,-665.782.979.595.156,106.667.777.491.649
JAWA BARAT,KABUPATEN BOGOR,CIBUNGBULANG,CIASIHAN,-67.274.685.989.138,10.668.513.600.558
JAWA BARAT,KABUPATEN BOGOR,CIBUNGBULANG,GUNUNGSARI,-670.912.099.358.658,106.693.980.307.834
JAWA BARAT,KABUPATEN BOGOR,CIBUNGBULANG,CIASMARA,-6.720.249.812.856,106.670.396.234.771
JAWA BARAT,KABUPATEN BOGOR,CIBUNGBULANG,RUMPIN,-647.631.069.392.377,106.643.459.514.939
JAWA BARAT,KABUPATEN BOGOR,CIBUNGBULANG,LEUWIBATU,-652.132.343.085.267,106.617.345.892.559
JAWA BARAT,KABUPATEN BOGOR,CIBUNGBULANG,CIDOKOM,-652.467.970.230.335,10.667.039.629.523
JAWA BARAT,KABUPATEN BOGOR,CIBUNGBULANG,GOBANG,-651.768.090.682.416,106.649.797.335.293
JAWA BARAT,KABUPATEN BOGOR,PAMIJAHAN,CIBODAS,-649.425.380.431.474,106.658.605.208.571
JAWA BARAT,KABUPATEN BOGOR,PAMIJAHAN,RABAK,-645.763.057.947.164,106.646.497.342.409
JAWA BARAT,KABUPATEN BOGOR,PAMIJAHAN,KAMPUNGSAWAH,-645.663.151.200.203,10.663.207.770.325
JAWA BARAT,KABUPATEN BOGOR,PAMIJAHAN,CIPINANG,-643.382.899.754.733,106.623.235.902.087
JAWA BARAT,KABUPATEN BOGOR,PAMIJAHAN,SUKASARI,-641.646.459.530.181,106.620.370.641.297
JAWA BARAT,KABUPATEN BOGOR,PAMIJAHAN,TAMANSARI,-637.770.089.958.994,106.633.735.500.062
JAWA BARAT,KABUPATEN BOGOR,PAMIJAHAN,KERTAJAYA,-639.603.400.207.066,106.602.606.401.563
JAWA BARAT,KABUPATEN BOGOR,PAMIJAHAN,SUKAMULYA,-637.473.494.093.933,106.628.005.931.322
JAWA BARAT,KABUPATEN BOGOR,PAMIJAHAN,MEKARSARI,-637.551.886.886.317,106.602.681.440.728
JAWA BARAT,KABUPATEN BOGOR,PAMIJAHAN,MEKARJAYA,-653.548.739.581.809,106.656.720.999.687
JAWA BARAT,KABUPATEN BOGOR,PAMIJAHAN,CURUG,-649.145.074.273.743,106.434.698.409.786
JAWA BARAT,KABUPATEN BOGOR,PAMIJAHAN,PANGRADIN,-653.101.986.150.614,10.648.181.670.443
JAWA BARAT,KABUPATEN BOGOR,PAMIJAHAN,KALONGSAWAH,-65.022.940.690.663,10.649.651.971.938
JAWA BARAT,KABUPATEN BOGOR,PAMIJAHAN,SIPAK,-648.990.898.731.983,10.648.184.242.474
JAWA BARAT,KABUPATEN BOGOR,PAMIJAHAN,JASINGA,-648.164.908.170.069,106.467.005.024.346
JAWA BARAT,KABUPATEN BOGOR,RUMPIN,KOLEANG,-64.631.008.965.731,106.437.668.387.353
JAWA BARAT,KABUPATEN BOGOR,RUMPIN,CIKOPOMAYAK,-644.670.038.655.453,106.467.090.899.083
JAWA BARAT,KABUPATEN BOGOR,RUMPIN,SETU,-648.212.368.863.807,106.466.756.355.081
JAWA BARAT,KABUPATEN BOGOR,RUMPIN,BARENGKOK,-642.824.079.667.427,106.481.816.698.591
JAWA BARAT,KABUPATEN BOGOR,RUMPIN,BAGOANG,-643.034.800.259.865,106.456.783.499.952
JAWA BARAT,KABUPATEN BOGOR,RUMPIN,PANGAUR,-639.821.229.703.506,106.458.256.005.634
JAWA BARAT,KABUPATEN BOGOR,RUMPIN,PAMAGERSARI,-648.780.639.687.587,106.467.090.898.756
JAWA BARAT,KABUPATEN BOGOR,RUMPIN,JUGALA JAYA,-653.146.166.343.564,106.458.325.331.125
JAWA BARAT,KABUPATEN BOGOR,RUMPIN,TEGALWANGI,-646.366.719.818.543,106.419.975.500.912
JAWA BARAT,KABUPATEN BOGOR,RUMPIN,NEGLASARI,-644.861.560.229.988,106.447.949.001.211
JAWA BARAT,KABUPATEN BOGOR,RUMPIN,WIRAJAYA,-653.298.551.557.615,106.422.919.898.359
JAWA BARAT,KABUPATEN BOGOR,RUMPIN,JAGABAYA,-638.459.708.871.184,106.540.523.111.626
JAWA BARAT,KABUPATEN BOGOR,RUMPIN,GOROWONG,-639.758.810.325.266,106.555.460.810.098
JAWA BARAT,KABUPATEN BOGOR,RUMPIN,DAGO,-640.686.251.479.887,106.584.878.698.881
JAWA BARAT,KABUPATEN BOGOR,JASINGA,PINGKU,-637.669.077.817.291,106.567.250.436.549
JAWA BARAT,KABUPATEN BOGOR,JASINGA,CIKUDA,-637.610.590.825.171,10.658.482.760.312
JAWA BARAT,KABUPATEN BOGOR,JASINGA,PARUNGPANJANG,-634.543.620.427.728,106.562.435.351.098
JAWA BARAT,KABUPATEN BOGOR,JASINGA,LUMPANG,-635.689.124.600.216,106.543.763.502.999
JAWA BARAT,KABUPATEN BOGOR,JASINGA,CIBUNAR,-634.237.156.685.524,106.549.190.598.035
JAWA BARAT,KABUPATEN BOGOR,JASINGA,JAGABITA,-633.601.105.625.001,106.531.811.825.029
JAWA BARAT,KABUPATEN BOGOR,JASINGA,GINTUNGCILEJET,-635.670.033.114.798,106.526.479.814.139
JAWA BARAT,KABUPATEN BOGOR,JASINGA,KABASIRAN,-635.151.734.735.291,106.577.188.582.065
JAWA BARAT,KABUPATEN BOGOR,JASINGA,MALASARI,-671.003.834.442.955,106.523.163.014.186
JAWA BARAT,KABUPATEN BOGOR,JASINGA,CURUGBITUNG,-663.512.244.035.999,106.525.928.579.924
JAWA BARAT,KABUPATEN BOGOR,JASINGA,CISARUA,-665.252.937.289.337,106.540.704.698.654
JAWA BARAT,KABUPATEN BOGOR,JASINGA,BANTARKARET,-667.197.217.158.632,10.657.608.582.997
JAWA BARAT,KABUPATEN BOGOR,JASINGA,HAMBARO,-658.750.709.846.329,10.656.135.339.806
JAWA BARAT,KABUPATEN BOGOR,JASINGA,KALONGLIUD,-658.790.628.305.619,106.549.568.289.064
JAWA BARAT,KABUPATEN BOGOR,JASINGA,NANGGUNG,-657.977.679.337.351,106.547.583.063.695
JAWA BARAT,KABUPATEN BOGOR,JASINGA,PARAKANMUNCANG,-657.751.682.666.136,106.543.385.799.641
JAWA BARAT,KABUPATEN BOGOR,PARUNG PANJANG,PANGKALJAYA,-660.323.749.428.071,106.549.540.367.994
JAWA BARAT,KABUPATEN BOGOR,PARUNG PANJANG,SUKALUYU,-659.760.033.790.656,106.567.246.183.671
JAWA BARAT,KABUPATEN BOGOR,PARUNG PANJANG,BATU TULIS,-657.207.499.953.827,106.550.665.400.151
JAWA BARAT,KABUPATEN BOGOR,PARUNG PANJANG,SUKAMAJU,-654.793.691.560.969,106.514.217.195.305
JAWA BARAT,KABUPATEN BOGOR,PARUNG PANJANG,CIGUDEG,-643.051.309.821.683,106.576.459.312.383
JAWA BARAT,KABUPATEN BOGOR,PARUNG PANJANG,BUNAR,-652.775.869.769.174,106.502.434.400.544
JAWA BARAT,KABUPATEN BOGOR,PARUNG PANJANG,BANYURESMI,-652.746.279.424.028,106.587.872.324.375
JAWA BARAT,KABUPATEN BOGOR,PARUNG PANJANG,CINTAMANIK,-648.841.924.955.784,106.529.096.571.266
JAWA BARAT,KABUPATEN BOGOR,PARUNG PANJANG,ARGAPURA,-646.360.904.191.883,106.499.489.544.831
JAWA BARAT,KABUPATEN BOGOR,PARUNG PANJANG,BANGUNJAYA,-645.710.449.639.078,106.540.729.902.711
JAWA BARAT,KABUPATEN BOGOR,PARUNG PANJANG,RENGASJAJAR,-644.605.240.549.498,10.656.429.980.257
JAWA BARAT,KABUPATEN BOGOR,NANGGUNG,BATUJAJAR,-642.512.911.654.275,106.576.085.694.292
JAWA BARAT,KABUPATEN BOGOR,NANGGUNG,WARGAJAYA,-653.171.650.438.474,10.653.778.389.964
JAWA BARAT,KABUPATEN BOGOR,NANGGUNG,SUKARAKSA,-658.355.699.883.035,106.526.000.097.001
JAWA BARAT,KABUPATEN BOGOR,NANGGUNG,BANYUWANGI,-650.818.932.200.809,106.552.479.187.189
JAWA BARAT,KABUPATEN BOGOR,NANGGUNG,BANYUASIH,-648.643.442.620.334,10.658.773.888.862
JAWA BARAT,KABUPATEN BOGOR,NANGGUNG,MEKARJAYA,-651.953.953.388.651,106.517.191.072.188
JAWA BARAT,KABUPATEN BOGOR,NANGGUNG,TAPOS,-639.705.490.612.341,106.493.597.998.454
JAWA BARAT,KABUPATEN BOGOR,NANGGUNG,CIOMAS,-641.642.141.715.973,106.528.945.976.531
JAWA BARAT,KABUPATEN BOGOR,NANGGUNG,BATOK,-636.588.800.191.037,10.650.538.000.198
JAWA BARAT,KABUPATEN BOGOR,NANGGUNG,BABAKAN,-635.524.640.335.953,106.462.571.208.776
JAWA BARAT,KABUPATEN BOGOR,NANGGUNG,TENJO,-632.868.764.630.669,10.646.177.689.163
JAWA BARAT,KABUPATEN BOGOR,CIGUDEG,CILAKU,-633.629.000.148.358,106.467.743.100.357
JAWA BARAT,KABUPATEN BOGOR,CIGUDEG,SINGABRAJA,-634.995.020.218.032,106.443.531.906.032
JAWA BARAT,KABUPATEN BOGOR,CIGUDEG,SINGABANGSA,-631.582.043.109.127,106.469.993.724.058
JAWA BARAT,KABUPATEN BOGOR,CIGUDEG,BOJONG,-638.073.109.858.524,106.443.531.895.108
JAWA BARAT,KABUPATEN BOGOR,CIGUDEG,CILEUNGSI,-673.010.849.247.759,106.903.398.099.687
JAWA BARAT,KABUPATEN BOGOR,CIGUDEG,CITAPEN,-66.965.485.965.592,106.869.465.692.135
JAWA BARAT,KABUPATEN BOGOR,CIGUDEG,CIBEDUG,-670.983.359.808.532,106.891.439.331.699
JAWA BARAT,KABUPATEN BOGOR,CIGUDEG,JAMBULUWUK,-669.117.071.803.001,106.878.374.085.604
JAWA BARAT,KABUPATEN BOGOR,CIGUDEG,BANJARSARI,-668.368.072.654.789,106.869.469.854.907
JAWA BARAT,KABUPATEN BOGOR,CIGUDEG,TELUK PINANG,-6.681.725.731.058,106.851.765.065.953
JAWA BARAT,KABUPATEN BOGOR,CIGUDEG,BANJAR WARU,-666.875.560.334.445,106.854.713.298.953
JAWA BARAT,KABUPATEN BOGOR,CIGUDEG,BENDUNGAN,-665.806.207.863.711,106.881.070.140.591
JAWA BARAT,KABUPATEN BOGOR,CIGUDEG,PANDAN SARI,-665.086.471.252.175,106.860.666.443.861
JAWA BARAT,KABUPATEN BOGOR,CIGUDEG,BOJONG MURNI,-67.068.022.317.396,106.903.799.049.607
JAWA BARAT,KABUPATEN BOGOR,CIGUDEG,BANJAR WANGI,-668.156.126.320.456,106.860.861.172.618
JAWA BARAT,KABUPATEN BOGOR,TENJO,CIAWI,-666.303.389.534.113,106.856.206.698.856
JAWA BARAT,KABUPATEN BOGOR,TENJO,BITUNGSARI,-668.205.380.554.264,106.840.034.314.078
JAWA BARAT,KABUPATEN BOGOR,TENJO,BATULAYANG,-667.573.895.684.168,106.949.072.511.851
JAWA BARAT,KABUPATEN BOGOR,TENJO,JOGJOGAN,-666.215.993.552.281,106.932.910.340.116
JAWA BARAT,KABUPATEN BOGOR,TENJO,CIBEUREUM,-672.328.746.278.607,106.950.617.499.707
JAWA BARAT,KABUPATEN BOGOR,TENJO,CILEMBER,-665.144.536.966.717,106.919.589.067.958
JAWA BARAT,KABUPATEN BOGOR,TENJO,CITEKO,-668.794.109.771.671,106.926.976.227.888
JAWA BARAT,KABUPATEN BOGOR,TENJO,TUGU SELATAN,-671.476.347.934.476,106.971.162.997.475
JAWA BARAT,KABUPATEN BOGOR,TENJO,LEUWIMALANG,-666.880.504.443.151,106.928.538.510.867
JAWA BARAT,KABUPATEN BOGOR,CIAWI,KOPO,-667.358.226.990.619,106.918.535.086.554
JAWA BARAT,KABUPATEN BOGOR,CIAWI,TUGU UTARA,-668.889.428.444.623,106.977.182.664.072
JAWA BARAT,KABUPATEN BOGOR,CIAWI,KUTA,-670.341.867.999.553,106.926.856.376.612
JAWA BARAT,KABUPATEN BOGOR,CIAWI,GADOG,-666.042.526.454.505,106.872.424.039.475
JAWA BARAT,KABUPATEN BOGOR,CIAWI,SUKAKARYA,-667.369.030.137.123,106.897.496.396.434
JAWA BARAT,KABUPATEN BOGOR,CIAWI,MEGAMENDUNG,-66.793.736.460.462,106.892.655.492.559
JAWA BARAT,KABUPATEN BOGOR,CIAWI,CIPAYUNG DATAR,-665.114.639.786.819,106.882.774.651.476
JAWA BARAT,KABUPATEN BOGOR,CIAWI,SUKAMANAH,-668.799.759.935.275,10.689.307.019.917
JAWA BARAT,KABUPATEN BOGOR,CIAWI,SUKAGALIH,-668.871.391.991.898,106.909.300.010.015
JAWA BARAT,KABUPATEN BOGOR,CIAWI,CIPAYUNG GIRANG,-664.658.134.511.646,1.069.048.900.217
JAWA BARAT,KABUPATEN BOGOR,CIAWI,SUKAMAHI,-666.813.181.250.421,106.872.422.767.417
JAWA BARAT,KABUPATEN BOGOR,CIAWI,SUKARESMI,-67.029.204.045.513,106.907.824.495.739
JAWA BARAT,KABUPATEN BOGOR,CIAWI,PASIR MUNCANG,-672.354.777.966.659,106.831.154.329.943
JAWA BARAT,KABUPATEN BOGOR,CISARUA,CIMANDE HILIR,-670.067.479.026.177,106.825.212.301.577
JAWA BARAT,KABUPATEN BOGOR,CISARUA,CIDERUM,-669.595.026.263.409,106.850.201.320.896
JAWA BARAT,KABUPATEN BOGOR,CISARUA,CARINGIN,-670.581.674.406.945,106.822.328.930.032
JAWA BARAT,KABUPATEN BOGOR,CISARUA,CIHERANG PONDOK,-668.965.679.972.319,106.832.016.303.576
JAWA BARAT,KABUPATEN BOGOR,CISARUA,CINAGARA,-67.515.461.648.862,106.861.786.091.216
JAWA BARAT,KABUPATEN BOGOR,CISARUA,CIMANDE,-674.593.340.189.853,106.896.592.776.523
JAWA BARAT,KABUPATEN BOGOR,CISARUA,PANCAWATI,-671.364.500.483.399,106.859.138.700.465
JAWA BARAT,KABUPATEN BOGOR,CISARUA,MUARA JAYA,-671.900.164.235.854,106.816.441.359.904
JAWA BARAT,KABUPATEN BOGOR,CISARUA,BASIR BUNCIR,-675.774.689.713.568,106.850.287.876.323
JAWA BARAT,KABUPATEN BOGOR,MEGAMENDUNG,LEMAH DUHUR,-672.796.449.462.623,106.854.713.298.804
JAWA BARAT,KABUPATEN BOGOR,MEGAMENDUNG,TANGKIL,-674.660.581.596.999,106.873.890.927.336
JAWA BARAT,KABUPATEN BOGOR,MEGAMENDUNG,CIJERUK,-668.149.117.709.477,106.797.059.892.468
JAWA BARAT,KABUPATEN BOGOR,MEGAMENDUNG,CIPELANG,-669.325.845.876.274,10.677.949.848.252
JAWA BARAT,KABUPATEN BOGOR,MEGAMENDUNG,WARUNG MENTENG,-67.012.947.052.051,106.807.513.602.124
JAWA BARAT,KABUPATEN BOGOR,MEGAMENDUNG,TAJUR HALANG,-667.785.587.156.822,106.779.543.702.905
JAWA BARAT,KABUPATEN BOGOR,MEGAMENDUNG,CIPICUNG,-666.654.435.729.651,106.808.849.236.571
JAWA BARAT,KABUPATEN BOGOR,MEGAMENDUNG,CIBALUNG,-668.707.899.326.525,106.808.988.505.663
JAWA BARAT,KABUPATEN BOGOR,MEGAMENDUNG,SUKAHARJA,-667.307.580.434.399,106.767.696.695.946
JAWA BARAT,KABUPATEN BOGOR,MEGAMENDUNG,PALASARI,-666.175.460.199.252,106.797.189.995.272
JAWA BARAT,KABUPATEN BOGOR,MEGAMENDUNG,TANJUNGSARI,-667.869.798.067.288,106.789.835.137.025
JAWA BARAT,KABUPATEN BOGOR,MEGAMENDUNG,MEKARJAYA,-661.225.420.066.033,106.778.018.905.653
JAWA BARAT,KABUPATEN BOGOR,CARINGIN,SUKAHARJA,-660.194.361.057.201,106.765.683.822.854
JAWA BARAT,KABUPATEN BOGOR,CARINGIN,PARAKAN,-662.025.310.301.642,106.769.167.052.262
JAWA BARAT,KABUPATEN BOGOR,CARINGIN,CIOMAS,-660.248.364.298.167,106.765.785.498.477
JAWA BARAT,KABUPATEN BOGOR,CARINGIN,PAGELARAN,-661.286.410.144.078,106.760.323.897.566
JAWA BARAT,KABUPATEN BOGOR,CARINGIN,SUKAMAKMUR,-661.316.839.468.378,106.751.488.858.117
JAWA BARAT,KABUPATEN BOGOR,CARINGIN,CIAPUS,-659.650.648.361.595,106.750.002.720.838
JAWA BARAT,KABUPATEN BOGOR,CARINGIN,KOTA BATU,-662.712.300.022.423,106.780.163.898.355
JAWA BARAT,KABUPATEN BOGOR,CARINGIN,LALADON,-658.601.740.727.007,106.755.900.403.504
JAWA BARAT,KABUPATEN BOGOR,CARINGIN,CIOMAS RAHAYU,-659.968.231.882.668,106.769.152.196.244
JAWA BARAT,KABUPATEN BOGOR,CARINGIN,SUKADAMAI,-659.970.189.756.665,106.769.171.201.829
JAWA BARAT,KABUPATEN BOGOR,CARINGIN,CIHERANG,-658.723.032.634.995,106.750.282.539.337
JAWA BARAT,KABUPATEN BOGOR,CARINGIN,SINARSARI,-658.295.112.733.914,106.733.907.683.564
JAWA BARAT,KABUPATEN BOGOR,CIJERUK,SUKAWENING,-660.205.200.152.917,106.738.207.203.879
JAWA BARAT,KABUPATEN BOGOR,CIJERUK,PETIR,-660.780.021.509.629,106.720.525.224.349
JAWA BARAT,KABUPATEN BOGOR,CIJERUK,PURWASARI,-66.221.037.137.505,106.716.092.596.172
JAWA BARAT,KABUPATEN BOGOR,CIJERUK,CIKARAWANG,-654.570.296.596.795,106.732.309.936.231
JAWA BARAT,KABUPATEN BOGOR,CIJERUK,BABAKAN,-655.618.199.924.222,106.726.412.502.339
JAWA BARAT,KABUPATEN BOGOR,CIJERUK,DRAMAGA,-657.766.898.368.174,106.731.921.805.903
JAWA BARAT,KABUPATEN BOGOR,CIJERUK,NEGLASARI,-658.570.105.363.779,106.725.017.238.673
JAWA BARAT,KABUPATEN BOGOR,CIJERUK,SUKAMANTRI,-664.713.399.356.814,106.773.594.994.349
JAWA BARAT,KABUPATEN BOGOR,CIJERUK,PASIREURIH,-663.724.912.386.269,106.761.807.011.066
JAWA BARAT,KABUPATEN BOGOR,CIOMAS,TAMANSARI,-664.903.918.421.932,106.754.972.223.241
JAWA BARAT,KABUPATEN BOGOR,CIOMAS,SUKALUYU,-664.210.836.097.663,106.742.452.117.044
JAWA BARAT,KABUPATEN BOGOR,CIOMAS,SUKARESMI,-662.720.081.510.303,106.755.814.544.066
JAWA BARAT,KABUPATEN BOGOR,CIOMAS,SUKAJAYA,-66.382.495.838.744,106.732.351.546.217
JAWA BARAT,KABUPATEN BOGOR,CIOMAS,SUKAJADI,-663.867.630.142.486,106.720.515.403.593
JAWA BARAT,KABUPATEN BOGOR,CIOMAS,KLAPANUNGGAL,-645.201.557.429.344,106.956.803.706.294
JAWA BARAT,KABUPATEN BOGOR,CIOMAS,BOJONG,-644.941.653.369.119,106.997.838.140.884
JAWA BARAT,KABUPATEN BOGOR,CIOMAS,NAMBO,-647.479.979.516.742,106.929.957.898.875
JAWA BARAT,KABUPATEN BOGOR,CIOMAS,LULUT,-649.317.972.701.333,106.915.262.440.921
JAWA BARAT,KABUPATEN BOGOR,CIOMAS,CIKAHURIPAN,-645.534.640.204.435,10.697.423.089.757
JAWA BARAT,KABUPATEN BOGOR,DRAMAGA,KEMBANG KUNING,-645.142.690.336.816,106.938.811.787.605
JAWA BARAT,KABUPATEN BOGOR,DRAMAGA,BANTAR JATI,-646.801.230.004.177,106.903.398.098.753
JAWA BARAT,KABUPATEN BOGOR,DRAMAGA,LEUWIKARET,-651.543.300.536.765,106.941.763.212.827
JAWA BARAT,KABUPATEN BOGOR,DRAMAGA,LIGARMUKTI,-649.369.770.536.456,106.977.182.681.239
JAWA BARAT,KABUPATEN BOGOR,DRAMAGA,PUTAT NUTUG,-6.465.715.702.932,106.667.448.399.477
JAWA BARAT,KABUPATEN BOGOR,DRAMAGA,CISEENG,-644.163.950.355.768,106.695.251.297.509
JAWA BARAT,KABUPATEN BOGOR,DRAMAGA,PARIGI MEKAR,-644.933.044.122.431,106.696.928.356.525
JAWA BARAT,KABUPATEN BOGOR,DRAMAGA,CIBENTANG,-643.985.700.003.418,10.667.334.410.272
JAWA BARAT,KABUPATEN BOGOR,DRAMAGA,CIBEUTEUNG UDIK,-648.538.436.700.192,106.691.002.860.995
JAWA BARAT,KABUPATEN BOGOR,DRAMAGA,KARIHKIL,-648.585.401.256.122,106.679.319.900.054
JAWA BARAT,KABUPATEN BOGOR,TAMANSARI,BABAKAN,-644.925.970.537.322,106.677.935.889.606
JAWA BARAT,KABUPATEN BOGOR,TAMANSARI,CIHOE,-643.054.154.645.823,106.683.659.722.494
JAWA BARAT,KABUPATEN BOGOR,TAMANSARI,CIBEUTEUNG MUARA,-644.523.497.776.096,106.661.771.972.421
JAWA BARAT,KABUPATEN BOGOR,TAMANSARI,KURIPAN,-641.973.009.430.515,106.661.552.900.434
JAWA BARAT,KABUPATEN BOGOR,TAMANSARI,BANTARJAYA,-653.028.850.231.969,10.673.230.969.416
JAWA BARAT,KABUPATEN BOGOR,TAMANSARI,BANTARSARI,-65.200.144.892.755,106.732.309.691.226
JAWA BARAT,KABUPATEN BOGOR,TAMANSARI,PASIRGAOK,-65.358.165.224.713,106.720.483.208.757
JAWA BARAT,KABUPATEN BOGOR,TAMANSARI,RANCABUNGUR,-653.816.561.511.028,106.731.255.948.349
JAWA BARAT,KABUPATEN BOGOR,KLAPANUNGGAL,MEKARSARI,-651.297.801.488.563,10.668.860.500.935
JAWA BARAT,KABUPATEN BOGOR,KLAPANUNGGAL,CANDALI,-650.795.238.535.239,106.699.450.775.155
JAWA BARAT,KABUPATEN BOGOR,KLAPANUNGGAL,CIMULANG,-652.042.730.053.165,106.714.517.322.156
JAWA BARAT,KABUPATEN BOGOR,KLAPANUNGGAL,CISARUA,-668.741.636.283.196,10.694.001.723.338
JAWA BARAT,KABUPATEN BOGOR,KLAPANUNGGAL,KIARASARI,-668.510.999.956.266,106.493.656.096.165
JAWA BARAT,KABUPATEN BOGOR,KLAPANUNGGAL,SUKAJAYA,-658.959.841.446.361,106.489.949.140.109
JAWA BARAT,KABUPATEN BOGOR,KLAPANUNGGAL,SIPAYUNG,-657.158.506.973.277,106.505.211.938.125
JAWA BARAT,KABUPATEN BOGOR,KLAPANUNGGAL,CILEUKSA,-659.362.042.256.705,106.447.367.188.824
JAWA BARAT,KABUPATEN BOGOR,KLAPANUNGGAL,KIARAPANDAK,-662.326.500.200.191,106.493.590.605.404
JAWA BARAT,KABUPATEN BOGOR,CISEENG,HARKATJAYA,-660.474.599.848.994,10.650.832.560.192
JAWA BARAT,KABUPATEN BOGOR,CISEENG,SUKAMULIH,-656.189.623.418.904,106.481.822.169.548
JAWA BARAT,KABUPATEN BOGOR,CISEENG,PASIR MADANG,-660.290.535.037.852,106.470.195.080.076
JAWA BARAT,KABUPATEN BOGOR,CISEENG,JAYARAHARJA,-659.205.008.116.582,106.498.742.578.562
JAWA BARAT,KABUPATEN BOGOR,CISEENG,URUG,-662.079.809.966.445,106.509.299.199.644
JAWA BARAT,KABUPATEN BOGOR,CISEENG,TANJUNGSARI,-661.664.801.236.984,107.156.622.969.755
JAWA BARAT,KABUPATEN BOGOR,CISEENG,SELAWANGI,-657.367.669.241.681,10.709.799.301.581
JAWA BARAT,KABUPATEN BOGOR,CISEENG,TANJUNGRASA,-657.804.588.534.174,107.133.672.868.823
JAWA BARAT,KABUPATEN BOGOR,CISEENG,ANTAJAYA,-658.931.910.319.331,107.177.993.613.036
JAWA BARAT,KABUPATEN BOGOR,CISEENG,PASIR TANJUNG,-660.083.340.224.728,107.142.544.197.346
JAWA BARAT,KABUPATEN BOGOR,RANCA BUNGUR,CIBADAK,-662.755.040.247.334,107.113.007.005.028
JAWA BARAT,KABUPATEN BOGOR,RANCA BUNGUR,SUKARASA,-660.291.064.782.204,107.083.473.404.215
JAWA BARAT,KABUPATEN BOGOR,RANCA BUNGUR,SIRNASARI,-66.336.880.073.957,107.157.314.198.696
JAWA BARAT,KABUPATEN BOGOR,RANCA BUNGUR,BUANAJAYA,-662.522.729.217.469,107.183.335.310.493
JAWA BARAT,KABUPATEN BOGOR,RANCA BUNGUR,SIRNARASA,-665.152.936.879.945,107.132.814.161.204
JAWA BARAT,KABUPATEN BOGOR,RANCA BUNGUR,CITAYAM,-644.191.175.363.405,10.674.240.327.858
JAWA BARAT,KABUPATEN BOGOR,RANCA BUNGUR,SASAK PANJANG,-645.256.920.314.784,106.765.151.884.787
JAWA BARAT,KABUPATEN BOGOR,SUKAJAYA,NANGGERANG,-646.708.069.859.717,106.779.493.500.612
JAWA BARAT,KABUPATEN BOGOR,SUKAJAYA,SUKMAJAYA,-648.228.717.787.301,106.779.642.488.329
JAWA BARAT,KABUPATEN BOGOR,SUKAJAYA,TONJONG,-649.094.485.635.833,106.766.198.381.431
JAWA BARAT,KABUPATEN BOGOR,SUKAJAYA,KALISUREN,-646.248.699.484.873,106.740.090.709.375
JAWA BARAT,KABUPATEN BOGOR,SUKAJAYA,CIGOMBONG,-673.626.959.962.071,106.819.671.759.564
JAWA BARAT,KABUPATEN BOGOR,SUKAJAYA,WATESJAYA,-675.652.543.743.151,106.811.938.167.499
JAWA BARAT,KABUPATEN BOGOR,SUKAJAYA,CIBURUY,-673.356.695.580.691,106.809.004.912.844
JAWA BARAT,KABUPATEN BOGOR,SUKAJAYA,SROGOL,-674.202.863.467.186,10.681.923.639.415
JAWA BARAT,KABUPATEN BOGOR,SUKAJAYA,CISALADA,-673.368.179.932.832,106.793.851.700.189
JAWA BARAT,KABUPATEN BOGOR,SUKAJAYA,TUGUJAYA,-673.956.472.989.098,106.779.647.922.305
JAWA BARAT,KABUPATEN BOGOR,SUKAJAYA,PASIRJAYA,-674.304.581.557.981,106.804.254.194.165
JAWA BARAT,KABUPATEN BOGOR,TANJUNGSARI,CIBURAYUT,-67.198.396.970.433,106.792.765.806.017
JAWA BARAT,KABUPATEN BOGOR,TANJUNGSARI,CIADEG,-671.283.150.118.331,10.680.898.850.357
JAWA BARAT,KABUPATEN BOGOR,TANJUNGSARI,LEUWISADENG,-656.645.394.773.475,1.065.958.594.032
JAWA BARAT,KABUPATEN BOGOR,TANJUNGSARI,BABAKAN SADENG,-657.147.229.923.896,106.579.032.300.552
JAWA BARAT,KABUPATEN BOGOR,TANJUNGSARI,SADENG KOLOT,-659.699.970.879.773,106.584.925.597.366
JAWA BARAT,KABUPATEN BOGOR,TANJUNGSARI,WANGUNJAYA,-658.691.251.608.931,106.579.035.173.374
JAWA BARAT,KABUPATEN BOGOR,TANJUNGSARI,KALONG I,-655.673.251.153.398,106.561.408.825.558
JAWA BARAT,KABUPATEN BOGOR,TANJUNGSARI,KALONG II,-655.753.595.224.405,106.571.231.025.405
JAWA BARAT,KABUPATEN BOGOR,TANJUNGSARI,SADENG,-655.601.901.910.861,1.065.849.256.022
JAWA BARAT,KABUPATEN BOGOR,TANJUNGSARI,SIBANTENG,-655.545.141.770.363,106.596.480.947.289
JAWA BARAT,KABUPATEN BOGOR,TAJURHALANG,TAPOS I,-667.779.815.218.413,10.670.577.121.214
JAWA BARAT,KABUPATEN BOGOR,TAJURHALANG,TAPOS II,-663.464.179.465.878,106.691.065.152.229
JAWA BARAT,KABUPATEN BOGOR,TAJURHALANG,CIBITUNG TENGAH,-661.932.238.131.902,106.691.032.198.261
JAWA BARAT,KABUPATEN BOGOR,TAJURHALANG,SITUDAUN,-662.364.369.678.369,106.708.721.597.909
JAWA BARAT,KABUPATEN BOGOR,TAJURHALANG,CINANGNENG,-66.056.951.018.833,106.709.282.157.615
JAWA BARAT,KABUPATEN BOGOR,TAJURHALANG,GUNUNG MALANG,-666.956.466.498.066,1.067.205.154.411
JAWA BARAT,KABUPATEN BOGOR,TAJURHALANG,GUNUNG MULYA,-658.080.202.096.821,106.767.781.426.022